occurred_at,attack_type,target_location,region,latitude,longitude,source
2025-06-21 18:34:29+00:00,mixed,Riyadh City – US Embassy,Riyadh,24.730447,46.678231,synthetic
2025-07-05 21:18:33+00:00,drone,Riyadh,Riyadh,24.666199,46.706714,synthetic
2025-07-30 01:49:56+00:00,drone,Riyadh City – US Embassy,Riyadh,24.698443,46.653354,synthetic
2025-11-07 18:25:41+00:00,mixed,Area-A,Riyadh,24.751322,46.727094,synthetic
2026-03-20 19:07:27+00:00,drone,Eastern Region,Eastern Region,26.463341,50.126845,synthetic
2026-03-04 10:33:02+00:00,mixed,East of Kharj Governorate,Al-Kharj,24.126294,47.435822,synthetic
2026-03-28 13:33:56+00:00,drone,Riyadh,Riyadh,24.691728,46.665158,synthetic
2025-06-01 05:36:52+00:00,drone,Eastern Region,Eastern Region,26.437322,50.154746,synthetic
2025-10-15 02:09:40+00:00,mixed,Prince Sultan Air Base,Al-Kharj,24.030248,47.605819,synthetic
2025-10-15 14:34:21+00:00,mixed,Riyadh,Riyadh,24.687999,46.68429,synthetic
2025-09-29 06:19:28+00:00,drone,East of Al-Jouf Region,Al-Jouf,29.933586,40.281751,synthetic
2026-03-01 17:19:07+00:00,drone,Empty Quarter – Shaybah Field,Eastern Region,26.44913,49.990023,synthetic
2025-12-19 04:12:15+00:00,drone,Eastern Region,Eastern Region,26.447239,50.196631,synthetic
2025-12-21 10:02:08+00:00,mixed,Riyadh Region,Riyadh,24.726314,46.578612,synthetic
2026-04-28 00:14:16+00:00,drone,Eastern Region,Eastern Region,26.422355,50.176765,synthetic
2026-04-12 22:31:48+00:00,drone,Eastern Region,Eastern Region,26.443429,50.211862,synthetic
2026-04-20 15:14:09+00:00,mixed,Empty Quarter – Shaybah Field,Eastern Region,26.361969,50.122968,synthetic
2026-04-11 21:16:15+00:00,mixed,Area-A,Riyadh,24.693613,46.75525,synthetic
2026-05-10 05:30:42+00:00,drone,Eastern Region,Eastern Region,26.426959,50.081304,synthetic
2026-05-10 19:49:22+00:00,mixed,Riyadh Airport,Riyadh,25.018213,46.635632,synthetic
2025-07-06 12:30:16+00:00,drone,Eastern Region,Eastern Region,26.456301,50.190336,synthetic
2026-03-23 02:32:29+00:00,drone,East of Al-Jouf Region,Al-Jouf,29.938125,40.143618,synthetic
2026-01-07 18:50:03+00:00,drone,Prince Sultan Air Base,Al-Kharj,24.02149,47.528661,synthetic
2026-04-26 20:49:32+00:00,drone,Eastern Region,Eastern Region,26.341509,50.050114,synthetic
2026-03-23 19:35:51+00:00,mixed,Riyadh Airport,Riyadh,24.923075,46.689688,synthetic
2026-04-19 22:06:11+00:00,drone,Eastern Region,Eastern Region,26.416076,50.135074,synthetic
2026-03-20 01:16:52+00:00,drone,Eastern Region,Eastern Region,26.429399,50.087388,synthetic
2025-12-02 01:02:36+00:00,drone,Eastern Region,Eastern Region,26.391242,50.067845,synthetic
2025-06-23 20:00:10+00:00,mixed,Empty Quarter – Shaybah Field,Eastern Region,26.351593,50.052813,synthetic
2026-03-01 16:28:04+00:00,mixed,Embassy District – Riyadh,Riyadh,24.558719,46.710321,synthetic
2025-12-27 05:34:54+00:00,drone,Eastern Region,Eastern Region,26.412672,50.188468,synthetic
2026-04-20 01:44:21+00:00,mixed,Al-Kharj,Al-Kharj,24.11366,47.311533,synthetic
2025-07-07 09:45:40+00:00,mixed,Eastern Region,Eastern Region,26.370795,50.097552,synthetic
2026-03-07 11:25:20+00:00,drone,Eastern Region,Eastern Region,26.487161,50.153904,synthetic
2025-12-25 17:31:58+00:00,drone,Eastern Region,Eastern Region,26.400848,50.164154,synthetic
2026-03-15 18:18:02+00:00,drone,Eastern Region,Eastern Region,26.479386,50.070539,synthetic
2026-04-27 21:04:13+00:00,drone,East of Al-Jouf Region,Al-Jouf,29.9802,40.333173,synthetic
2026-01-08 23:14:22+00:00,mixed,Riyadh,Riyadh,24.629051,46.625694,synthetic
2025-08-31 05:54:07+00:00,drone,Riyadh,Riyadh,24.720625,46.714779,synthetic
2025-08-16 03:45:06+00:00,mixed,Eastern Region,Eastern Region,26.416103,50.117589,synthetic
2026-05-13 19:14:08+00:00,drone,Empty Quarter – Shaybah Field,Eastern Region,26.417005,50.13085,synthetic
2026-03-16 20:06:41+00:00,drone,Empty Quarter – Shaybah Field,Eastern Region,26.411721,50.034519,synthetic
2026-02-18 14:40:37+00:00,mixed,Eastern Region,Eastern Region,26.47581,50.093216,synthetic
2026-03-02 10:37:27+00:00,mixed,Yanbu Refinery,Yanbu,24.185869,38.045768,synthetic
2026-04-29 02:14:30+00:00,drone,Eastern Region,Eastern Region,26.432864,50.131476,synthetic
2026-03-03 14:39:49+00:00,drone,Eastern Region,Eastern Region,26.373526,50.100532,synthetic
2025-10-20 05:54:38+00:00,drone,Riyadh Region,Riyadh,24.746691,46.683111,synthetic
2026-03-04 03:04:42+00:00,mixed,Riyadh Region,Riyadh,24.809086,46.656728,synthetic
2026-04-22 19:43:30+00:00,mixed,Al-Kharj,Al-Kharj,24.161768,47.36247,synthetic
2025-12-12 08:01:08+00:00,mixed,Al-Kharj,Al-Kharj,24.053736,47.376399,synthetic
2025-07-15 03:27:26+00:00,drone,East of Al-Jouf Region,Al-Jouf,29.924515,40.240044,synthetic
2026-04-23 15:22:52+00:00,mixed,Riyadh,Riyadh,24.754055,46.769723,synthetic
2025-11-11 11:15:49+00:00,mixed,Yanbu,Yanbu,24.10338,38.037197,synthetic
2025-12-20 14:43:54+00:00,mixed,East of Kharj Governorate,Al-Kharj,24.127382,47.353116,synthetic
2026-03-27 00:12:18+00:00,drone,Empty Quarter – Shaybah Field,Eastern Region,26.409672,50.038112,synthetic
2025-09-21 22:15:32+00:00,drone,Eastern Region,Eastern Region,26.425996,50.136568,synthetic
2025-09-21 23:38:03+00:00,drone,Riyadh City – US Embassy,Riyadh,24.790864,46.75644,synthetic
2025-09-21 18:16:27+00:00,drone,Yanbu Industrial City,Yanbu,24.021047,38.126229,synthetic
2025-09-21 10:00:15+00:00,drone,Eastern Region,Eastern Region,26.387522,50.135238,synthetic
2026-01-08 05:48:21+00:00,mixed,Kharj Governorate,Al-Kharj,24.177248,47.2682,synthetic
2026-01-08 09:52:40+00:00,mixed,East of Kharj Governorate,Al-Kharj,24.10822,47.388132,synthetic
2026-01-08 22:21:27+00:00,mixed,Prince Sultan Air Base,Al-Kharj,24.056525,47.530067,synthetic
2025-10-10 19:13:15+00:00,drone,Riyadh,Riyadh,24.72261,46.657293,synthetic
2025-12-29 16:07:07+00:00,mixed,Eastern Region,Eastern Region,26.332553,50.107942,synthetic
2026-03-11 01:26:49+00:00,drone,Gas facility – Eastern Region,Eastern Region,26.371477,49.991179,synthetic
2025-08-08 11:55:33+00:00,drone,Eastern Region,Eastern Region,26.385943,50.132336,synthetic
2026-04-07 08:14:20+00:00,mixed,Prince Sultan Air Base,Al-Kharj,24.025544,47.496499,synthetic
2025-09-06 15:14:16+00:00,mixed,East of Kharj Governorate,Al-Kharj,24.159436,47.352729,synthetic
2026-04-15 03:21:07+00:00,drone,Ras Tanura Oil Refinery,Eastern Region,26.671779,50.204274,synthetic
2026-02-14 02:28:19+00:00,drone,Eastern Region,Eastern Region,26.485043,50.111213,synthetic
2026-03-27 02:40:42+00:00,mixed,Riyadh,Riyadh,24.698087,46.72065,synthetic
2025-07-14 00:02:23+00:00,drone,Eastern Region,Eastern Region,26.351221,50.157753,synthetic
2026-03-01 05:55:29+00:00,drone,Eastern Region,Eastern Region,26.502454,50.137595,synthetic
2026-04-25 02:09:20+00:00,mixed,Prince Sultan Air Base,Al-Kharj,24.020239,47.595689,synthetic
2025-05-23 02:39:18+00:00,mixed,Riyadh Region,Riyadh,24.686394,46.55916,synthetic
2025-05-23 23:53:03+00:00,mixed,Eastern Region,Eastern Region,26.45521,50.10488,synthetic
2026-03-29 03:33:49+00:00,drone,Gas facility – Eastern Region,Eastern Region,26.491818,50.03167,synthetic
2025-06-30 14:25:03+00:00,drone,Eastern Region,Eastern Region,26.340214,50.127647,synthetic
2025-07-13 14:15:06+00:00,mixed,Riyadh Region,Riyadh,24.672292,46.649592,synthetic
2025-06-07 20:08:12+00:00,mixed,East of Kharj Governorate,Al-Kharj,24.193012,47.412367,synthetic
2025-07-26 13:17:05+00:00,mixed,Al-Kharj,Al-Kharj,24.066279,47.292251,synthetic
2026-04-23 12:20:59+00:00,mixed,Riyadh,Riyadh,24.724737,46.668176,synthetic
2025-08-25 04:16:57+00:00,mixed,Yanbu Port,Yanbu,23.953136,38.071577,synthetic
2026-03-31 19:09:15+00:00,mixed,Kharj Governorate,Al-Kharj,24.166944,47.444633,synthetic
2026-04-25 21:18:06+00:00,drone,Riyadh,Riyadh,24.757614,46.670184,synthetic
2025-09-29 09:27:30+00:00,mixed,Riyadh City,Riyadh,24.695644,46.622453,synthetic
2025-11-10 04:51:00+00:00,drone,Eastern Region,Eastern Region,26.379,50.15968,synthetic
2026-01-13 14:44:06+00:00,drone,Empty Quarter – Shaybah Field,Eastern Region,26.418393,50.123771,synthetic
2025-12-21 01:43:25+00:00,mixed,Embassy District – Riyadh,Riyadh,24.6454,46.694278,synthetic
2025-11-26 03:58:02+00:00,mixed,East of Kharj Governorate,Al-Kharj,24.163995,47.284293,synthetic
2026-03-21 09:42:59+00:00,mixed,Eastern Region,Eastern Region,26.418123,50.059615,synthetic
2025-08-24 12:50:12+00:00,drone,Eastern Region,Eastern Region,26.48727,50.195281,synthetic
2026-04-10 04:22:48+00:00,drone,Riyadh,Riyadh,24.71295,46.688577,synthetic
2026-03-21 22:52:36+00:00,drone,Eastern Region,Eastern Region,26.472693,50.134046,synthetic
2025-10-13 16:21:53+00:00,drone,Prince Sultan Air Base,Al-Kharj,24.052211,47.605658,synthetic
2025-09-21 05:03:19+00:00,mixed,Al-Kharj,Al-Kharj,24.148891,47.38905,synthetic
2026-04-23 19:08:56+00:00,mixed,Eastern Region,Eastern Region,26.392285,50.169684,synthetic
2025-07-06 07:16:10+00:00,mixed,Eastern Region,Eastern Region,26.377316,50.1787,synthetic
2025-08-22 03:01:09+00:00,drone,Riyadh,Riyadh,24.647423,46.760391,synthetic
2026-04-19 16:01:42+00:00,drone,Eastern Region,Eastern Region,26.445197,50.143957,synthetic
2025-10-28 16:27:00+00:00,drone,Yanbu Port,Yanbu,24.086512,38.103992,synthetic
2026-04-27 23:28:36+00:00,mixed,Prince Sultan Air Base,Al-Kharj,24.103224,47.589274,synthetic
2025-09-29 09:50:22+00:00,mixed,Prince Sultan Air Base,Al-Kharj,23.976025,47.604533,synthetic
2025-07-08 20:08:24+00:00,drone,Gas facility – Eastern Region,Eastern Region,26.389372,50.089052,synthetic
2025-09-03 23:32:22+00:00,mixed,East of Kharj City,Al-Kharj,24.09656,47.27157,synthetic
2026-03-20 02:32:35+00:00,drone,Area-A,Riyadh,24.681356,46.761251,synthetic
2025-07-24 10:11:40+00:00,drone,Empty Quarter – Shaybah Field,Eastern Region,26.367385,50.141567,synthetic
2025-11-15 05:26:26+00:00,drone,Eastern Region,Eastern Region,26.379964,50.145982,synthetic
2026-03-27 18:35:27+00:00,mixed,Prince Sultan Air Base,Al-Kharj,23.92475,47.537072,synthetic
2025-12-03 17:08:40+00:00,mixed,Al-Kharj,Al-Kharj,24.124049,47.308396,synthetic
2026-05-07 02:51:13+00:00,mixed,Eastern Region,Eastern Region,26.477528,50.137098,synthetic
2026-05-16 15:41:05+00:00,drone,Yanbu Petroleum Facility,Yanbu,24.020964,38.001606,synthetic
2025-10-02 02:29:29+00:00,mixed,Riyadh,Riyadh,24.659271,46.684033,synthetic
2025-10-02 19:50:19+00:00,mixed,Riyadh,Riyadh,24.730038,46.622252,synthetic
2025-10-02 14:21:19+00:00,drone,Riyadh,Riyadh,24.708632,46.619457,synthetic
2025-10-02 21:28:05+00:00,mixed,North of Riyadh City,Riyadh,24.766706,46.735181,synthetic
2026-03-23 22:27:10+00:00,mixed,Area-A,Riyadh,24.788405,46.647022,synthetic
2025-10-18 04:58:03+00:00,mixed,Eastern Region,Eastern Region,26.393778,50.079491,synthetic
2026-01-30 02:23:45+00:00,mixed,Embassy District – Riyadh,Riyadh,24.68483,46.786692,synthetic
2025-11-28 19:13:56+00:00,mixed,Eastern Region,Eastern Region,26.457704,50.095988,synthetic
2026-03-10 09:32:26+00:00,drone,Eastern Region,Eastern Region,26.493244,50.073401,synthetic
2026-03-09 15:11:44+00:00,drone,Eastern Region,Eastern Region,26.505235,50.08362,synthetic
2025-09-23 12:46:42+00:00,mixed,Prince Sultan Air Base,Al-Kharj,24.007265,47.579304,synthetic
2026-04-23 16:19:48+00:00,mixed,Area-A,Riyadh,24.605628,46.599231,synthetic
2026-04-23 23:43:16+00:00,drone,Empty Quarter – Shaybah Field,Eastern Region,26.340795,50.075227,synthetic
2026-04-23 08:57:12+00:00,mixed,Riyadh,Riyadh,24.689435,46.581816,synthetic
2026-04-23 22:20:46+00:00,drone,Riyadh City – US Embassy,Riyadh,24.690984,46.63617,synthetic
2026-04-23 14:15:45+00:00,mixed,Yanbu,Yanbu,24.10222,38.101829,synthetic
2026-04-18 10:11:58+00:00,drone,Empty Quarter – Shaybah Field,Eastern Region,26.427313,50.104662,synthetic
2026-02-11 20:59:02+00:00,drone,Eastern Region,Eastern Region,26.401357,50.122354,synthetic
2026-03-05 14:50:56+00:00,mixed,Riyadh,Riyadh,24.746265,46.594377,synthetic
2026-03-12 04:54:26+00:00,mixed,Prince Sultan Air Base,Al-Kharj,24.051013,47.603732,synthetic
2025-11-11 23:00:32+00:00,mixed,Eastern Region,Eastern Region,26.457509,50.058872,synthetic
2026-04-18 02:49:12+00:00,drone,Empty Quarter – Shaybah Field,Eastern Region,26.386598,50.063691,synthetic
2026-03-06 10:40:49+00:00,drone,Eastern Region,Eastern Region,26.373046,50.189898,synthetic
2026-03-31 09:16:19+00:00,drone,Empty Quarter – Shaybah Field,Eastern Region,26.361324,50.042793,synthetic
2026-03-21 14:41:35+00:00,mixed,Eastern Region,Eastern Region,26.42027,50.152243,synthetic
2026-04-03 06:15:34+00:00,drone,Eastern Region,Eastern Region,26.464129,50.136261,synthetic
2026-04-03 12:53:35+00:00,mixed,Riyadh Airport,Riyadh,25.083905,46.623555,synthetic
2026-04-03 14:54:07+00:00,mixed,Yanbu,Yanbu,24.18297,38.113911,synthetic
2026-04-03 22:41:47+00:00,drone,Eastern Region,Eastern Region,26.448922,50.193525,synthetic
2026-04-03 21:39:49+00:00,drone,Riyadh,Riyadh,24.755222,46.721009,synthetic
2026-04-22 10:07:20+00:00,drone,Eastern Region,Eastern Region,26.545684,50.199288,synthetic
2026-04-13 18:29:32+00:00,drone,Riyadh,Riyadh,24.703454,46.803255,synthetic
2025-08-06 02:23:37+00:00,drone,North of Riyadh City,Riyadh,24.681977,46.789605,synthetic
2026-05-04 20:04:11+00:00,drone,Empty Quarter – Shaybah Field,Eastern Region,26.423612,50.115269,synthetic
2026-03-04 11:28:54+00:00,drone,Eastern Region,Eastern Region,26.37581,50.105785,synthetic
2025-06-28 19:33:42+00:00,drone,Eastern Region,Eastern Region,26.418808,50.148402,synthetic
2025-08-16 12:56:38+00:00,drone,Eastern Region,Eastern Region,26.329522,50.03935,synthetic
2026-03-20 21:48:23+00:00,drone,Eastern Region,Eastern Region,26.460259,50.151234,synthetic
2026-03-26 10:21:51+00:00,drone,Eastern Region,Eastern Region,26.497588,50.111633,synthetic
2025-12-30 07:06:40+00:00,mixed,Eastern Region,Eastern Region,26.360599,50.092047,synthetic
2026-01-20 04:36:21+00:00,mixed,Eastern Region,Eastern Region,26.388566,50.066124,synthetic
2025-10-05 13:42:28+00:00,drone,Hafr Al-Batin,Hafr Al-Batin,28.391155,45.971607,synthetic
2025-10-05 04:08:50+00:00,drone,Empty Quarter – Shaybah Field,Eastern Region,26.289898,50.123527,synthetic
2025-10-05 04:41:30+00:00,drone,Empty Quarter – Shaybah Field,Eastern Region,26.398423,50.03991,synthetic
2025-10-05 23:49:54+00:00,drone,East of Al-Jouf Region,Al-Jouf,29.964424,40.295678,synthetic
2025-07-26 06:36:55+00:00,drone,Yanbu Port,Yanbu,24.033609,38.067993,synthetic
2026-01-06 09:34:50+00:00,drone,Riyadh,Riyadh,24.718785,46.744879,synthetic
2025-08-18 20:21:40+00:00,mixed,East of Kharj Governorate,Al-Kharj,24.147348,47.360223,synthetic
2026-03-01 10:09:59+00:00,drone,Yanbu Refinery,Yanbu,24.15766,37.941637,synthetic
2025-07-02 19:09:22+00:00,drone,Riyadh,Riyadh,24.674457,46.662946,synthetic
2026-01-23 08:31:58+00:00,drone,East of Al-Jouf Region,Al-Jouf,30.071842,40.161783,synthetic
2025-06-14 23:40:44+00:00,mixed,Yanbu Petroleum Facility,Yanbu,24.087382,37.981057,synthetic
2026-04-08 22:01:43+00:00,drone,Embassy District – Riyadh,Riyadh,24.673022,46.647131,synthetic
2025-12-27 11:53:40+00:00,mixed,Prince Sultan Air Base,Al-Kharj,24.073276,47.555041,synthetic
2026-03-07 05:32:16+00:00,mixed,East of Kharj Governorate,Al-Kharj,24.151892,47.45622,synthetic
2026-04-10 19:52:10+00:00,mixed,Empty Quarter – Shaybah Field,Eastern Region,26.377931,50.049968,synthetic
2025-07-20 12:40:12+00:00,drone,Gas facility – Eastern Region,Eastern Region,26.491384,50.082593,synthetic
2026-03-18 09:56:57+00:00,drone,Riyadh Region,Riyadh,24.726706,46.580053,synthetic
2025-07-20 11:13:25+00:00,drone,Eastern Region,Eastern Region,26.454724,50.057876,synthetic
2026-01-26 23:38:13+00:00,drone,Eastern Region,Eastern Region,26.398448,50.090647,synthetic
2025-07-15 14:57:54+00:00,drone,Riyadh,Riyadh,24.65657,46.681062,synthetic
2026-03-20 17:49:47+00:00,drone,Riyadh,Riyadh,24.794469,46.744251,synthetic
2026-04-24 08:02:13+00:00,mixed,East of Kharj Governorate,Al-Kharj,24.018232,47.311904,synthetic
2026-05-09 23:05:34+00:00,drone,Eastern Region,Eastern Region,26.443087,50.108428,synthetic
2025-12-03 17:36:11+00:00,mixed,Eastern Region,Eastern Region,26.42741,50.145589,synthetic
2025-10-11 15:23:50+00:00,mixed,Eastern Region,Eastern Region,26.43138,50.171503,synthetic
2026-05-20 08:10:52+00:00,drone,Gas facility – Eastern Region,Eastern Region,26.481648,50.101912,synthetic
2026-04-26 13:57:50+00:00,drone,Gas facility – Eastern Region,Eastern Region,26.391211,50.06639,synthetic
2026-03-08 16:17:08+00:00,drone,Riyadh Region,Riyadh,24.748404,46.639217,synthetic
2025-10-22 07:56:10+00:00,mixed,Prince Sultan Air Base,Al-Kharj,24.031258,47.525867,synthetic
2025-05-27 00:32:00+00:00,drone,Eastern Region,Eastern Region,26.394798,50.115033,synthetic
2026-03-26 03:01:41+00:00,drone,Eastern Region,Eastern Region,26.4806,50.13796,synthetic
2025-05-24 04:42:55+00:00,mixed,Riyadh,Riyadh,24.681074,46.657466,synthetic
2026-04-03 11:51:27+00:00,drone,Eastern Region,Eastern Region,26.5005,50.100626,synthetic
2025-08-09 17:04:51+00:00,mixed,Riyadh,Riyadh,24.680084,46.610725,synthetic
2025-07-18 09:56:03+00:00,mixed,Yanbu Industrial City,Yanbu,24.029235,38.210791,synthetic
2025-11-25 22:50:46+00:00,drone,East of Al-Jouf Region,Al-Jouf,29.977985,40.244383,synthetic
2026-03-27 04:24:07+00:00,mixed,Area-A,Riyadh,24.659472,46.751281,synthetic
2026-03-26 09:02:52+00:00,mixed,Eastern Region,Eastern Region,26.472706,50.160087,synthetic
2026-04-29 02:58:42+00:00,mixed,Eastern Region,Eastern Region,26.389314,50.059735,synthetic
2026-01-10 23:41:43+00:00,mixed,Riyadh,Riyadh,24.809212,46.691097,synthetic
2026-03-09 22:52:17+00:00,mixed,Yanbu,Yanbu,24.059699,38.027417,synthetic
2025-06-06 07:20:49+00:00,drone,Eastern Region,Eastern Region,26.43463,50.208295,synthetic
2026-02-22 02:36:28+00:00,drone,Empty Quarter – Shaybah Field,Eastern Region,26.408667,50.063786,synthetic
2025-08-03 14:14:39+00:00,drone,Eastern Region,Eastern Region,26.448931,50.150732,synthetic
2026-04-15 06:50:07+00:00,drone,Yanbu,Yanbu,24.038212,38.085836,synthetic
2025-09-03 11:23:49+00:00,mixed,Yanbu Refinery,Yanbu,24.099493,38.091435,synthetic
2026-04-25 20:42:14+00:00,drone,Riyadh,Riyadh,24.737422,46.558182,synthetic
2026-04-18 23:26:11+00:00,drone,Eastern Region,Eastern Region,26.406267,50.173294,synthetic
2025-06-03 03:37:29+00:00,mixed,Al-Kharj,Al-Kharj,24.103846,47.217695,synthetic
2026-05-18 14:31:23+00:00,mixed,Riyadh Region,Riyadh,24.735808,46.678687,synthetic
2025-08-24 21:53:55+00:00,drone,Eastern Region,Eastern Region,26.400713,50.059159,synthetic
2025-09-21 04:51:02+00:00,drone,East of Kharj City,Al-Kharj,24.112213,47.318076,synthetic
2025-09-21 04:04:33+00:00,drone,Empty Quarter – Shaybah Field,Eastern Region,26.438585,50.082983,synthetic
2026-03-11 16:03:01+00:00,drone,Hafr Al-Batin,Hafr Al-Batin,28.363115,45.982691,synthetic
2026-03-09 14:27:28+00:00,drone,Eastern Region,Eastern Region,26.474957,50.133395,synthetic
2025-08-22 00:10:55+00:00,mixed,Riyadh Airport,Riyadh,24.977318,46.818844,synthetic
2026-03-03 07:35:48+00:00,drone,Eastern Region,Eastern Region,26.44535,50.186422,synthetic
2026-04-29 02:45:52+00:00,drone,Empty Quarter – Shaybah Field,Eastern Region,26.388896,50.082757,synthetic
2025-08-22 11:47:01+00:00,mixed,Yanbu Port,Yanbu,24.005755,38.103996,synthetic
2025-10-29 22:06:10+00:00,drone,Hafr Al-Batin,Hafr Al-Batin,28.430477,45.974347,synthetic
2025-06-21 07:23:07+00:00,mixed,Yanbu Port,Yanbu,23.992349,38.055139,synthetic
2026-03-30 06:04:45+00:00,drone,Eastern Region,Eastern Region,26.441117,50.030342,synthetic
2026-03-08 22:47:47+00:00,drone,Eastern Region,Eastern Region,26.456844,50.159771,synthetic
2026-03-21 01:27:18+00:00,drone,Eastern Region,Eastern Region,26.430099,50.112709,synthetic
2026-05-16 14:21:22+00:00,drone,Eastern Region,Eastern Region,26.396932,50.049188,synthetic
2025-06-02 07:25:34+00:00,mixed,Riyadh,Riyadh,24.644819,46.767417,synthetic
2025-08-02 14:04:55+00:00,mixed,Prince Sultan Air Base,Al-Kharj,24.091092,47.541482,synthetic
2025-12-27 07:10:44+00:00,drone,Eastern Region,Eastern Region,26.377566,50.11924,synthetic
2025-11-08 19:50:16+00:00,mixed,Riyadh Region,Riyadh,24.764971,46.533287,synthetic
2025-12-31 22:03:42+00:00,drone,Eastern Region,Eastern Region,26.276206,50.059562,synthetic
2026-03-20 13:55:49+00:00,drone,Eastern Region,Eastern Region,26.464269,50.237338,synthetic
2025-12-09 13:37:33+00:00,drone,Eastern Region,Eastern Region,26.487642,50.169853,synthetic
2026-03-31 01:21:03+00:00,mixed,East of Kharj Governorate,Al-Kharj,24.158519,47.336414,synthetic
2026-03-31 22:40:48+00:00,mixed,Riyadh City – US Embassy,Riyadh,24.737126,46.735363,synthetic
2026-03-31 01:14:31+00:00,drone,Area-A,Riyadh,24.732476,46.685522,synthetic
2026-03-31 16:42:34+00:00,drone,Eastern Region,Eastern Region,26.450368,50.186355,synthetic
2026-03-31 07:19:53+00:00,drone,Eastern Region,Eastern Region,26.318421,50.196963,synthetic
2025-06-24 02:33:34+00:00,drone,Gas facility – Eastern Region,Eastern Region,26.476742,50.130188,synthetic
2025-06-24 01:43:28+00:00,drone,Riyadh,Riyadh,24.699735,46.728863,synthetic
2026-05-17 09:21:23+00:00,drone,Riyadh Airport,Riyadh,24.970556,46.71183,synthetic
2026-03-10 11:59:08+00:00,drone,Empty Quarter – Shaybah Field,Eastern Region,26.485615,50.026488,synthetic
2026-04-21 11:41:26+00:00,mixed,Riyadh City,Riyadh,24.689712,46.682646,synthetic
2026-04-24 17:25:00+00:00,drone,Embassy District – Riyadh,Riyadh,24.726569,46.645521,synthetic
2026-03-22 13:43:03+00:00,drone,Area-A,Riyadh,24.763169,46.713995,synthetic
2026-03-05 07:56:38+00:00,drone,Eastern Region,Eastern Region,26.310785,50.09668,synthetic
2025-11-26 22:40:22+00:00,drone,Ras Tanura Oil Refinery,Eastern Region,26.655233,50.307665,synthetic
2026-03-14 23:11:37+00:00,drone,Ras Tanura Oil Refinery,Eastern Region,26.669896,50.266339,synthetic
2026-04-22 15:03:19+00:00,mixed,Riyadh Airport,Riyadh,25.102599,46.683147,synthetic
2026-03-19 20:55:51+00:00,drone,Yanbu Refinery,Yanbu,24.182305,38.032112,synthetic
2025-07-02 08:26:07+00:00,mixed,Prince Sultan Air Base,Al-Kharj,23.994485,47.543078,synthetic
2026-03-11 08:50:03+00:00,mixed,Empty Quarter – Shaybah Field,Eastern Region,26.361734,50.078213,synthetic
2026-03-02 10:39:47+00:00,mixed,Riyadh,Riyadh,24.709051,46.729042,synthetic
2026-04-28 07:03:18+00:00,drone,Riyadh,Riyadh,24.770758,46.71593,synthetic
2025-08-24 11:26:10+00:00,drone,Riyadh Region,Riyadh,24.782688,46.636796,synthetic
2025-06-04 08:53:00+00:00,drone,Hafr Al-Batin,Hafr Al-Batin,28.399355,46.015897,synthetic
2026-01-30 14:26:52+00:00,mixed,Eastern Region,Eastern Region,26.463515,50.119965,synthetic
2025-08-02 03:59:01+00:00,drone,East of Kharj Governorate,Al-Kharj,24.192333,47.317808,synthetic
2025-11-03 22:06:31+00:00,mixed,Area-A,Riyadh,24.630203,46.694524,synthetic
2026-03-15 21:56:01+00:00,drone,Eastern Region,Eastern Region,26.501145,50.197972,synthetic
2026-04-15 08:17:28+00:00,mixed,Eastern Region,Eastern Region,26.439462,50.145442,synthetic
2026-01-19 05:47:29+00:00,drone,Yanbu Refinery,Yanbu,24.091717,38.014153,synthetic
2025-08-04 08:08:39+00:00,mixed,Al-Kharj,Al-Kharj,24.178207,47.312342,synthetic
2025-11-01 13:34:18+00:00,drone,Empty Quarter – Shaybah Field,Eastern Region,26.402723,50.086624,synthetic
2026-03-10 07:25:22+00:00,drone,Eastern Region,Eastern Region,26.409784,50.030625,synthetic
2026-03-02 17:44:24+00:00,drone,Ras Tanura Oil Refinery,Eastern Region,26.653291,50.216828,synthetic
2026-05-16 00:35:40+00:00,drone,Empty Quarter – Shaybah Field,Eastern Region,26.377856,50.105821,synthetic
2025-09-10 05:31:07+00:00,drone,East of Al-Jouf Region,Al-Jouf,29.96062,40.28112,synthetic
2026-04-22 19:22:43+00:00,drone,Empty Quarter – Shaybah Field,Eastern Region,26.413055,50.056412,synthetic
2025-11-25 21:25:46+00:00,mixed,Riyadh,Riyadh,24.733424,46.676295,synthetic
2025-06-23 23:45:38+00:00,drone,Eastern Region,Eastern Region,26.436453,50.035642,synthetic
2026-01-13 19:35:37+00:00,mixed,Eastern Region,Eastern Region,26.420584,50.143481,synthetic
2026-05-17 13:18:47+00:00,mixed,Yanbu Petroleum Facility,Yanbu,24.034838,38.05389,synthetic
2025-11-29 03:14:43+00:00,mixed,Riyadh,Riyadh,24.718146,46.659007,synthetic
2025-12-03 20:03:38+00:00,drone,East of Al-Jouf Region,Al-Jouf,29.951212,40.196651,synthetic
2025-05-23 11:49:08+00:00,drone,Eastern Region,Eastern Region,26.4874,50.175769,synthetic
2026-04-15 03:58:41+00:00,mixed,Riyadh,Riyadh,24.62821,46.69397,synthetic
2025-09-02 12:31:46+00:00,drone,East of Al-Jouf Region,Al-Jouf,29.925394,40.182088,synthetic
2026-03-30 10:49:45+00:00,drone,Riyadh Region,Riyadh,24.716047,46.783889,synthetic
2025-10-27 06:39:14+00:00,drone,Empty Quarter – Shaybah Field,Eastern Region,26.407655,50.073567,synthetic
2025-08-06 07:37:31+00:00,drone,Eastern Region,Eastern Region,26.386619,50.128901,synthetic
2026-01-02 12:53:22+00:00,drone,Eastern Region,Eastern Region,26.40837,50.096776,synthetic
2025-05-20 11:49:18+00:00,mixed,Riyadh Region,Riyadh,24.660388,46.667098,synthetic
2026-04-29 17:35:42+00:00,mixed,Eastern Region,Eastern Region,26.346177,50.248162,synthetic
2025-08-02 07:10:58+00:00,mixed,Yanbu Industrial City,Yanbu,24.039506,38.171442,synthetic
2026-05-09 02:50:08+00:00,drone,Riyadh,Riyadh,24.678123,46.727586,synthetic
2025-11-02 20:58:01+00:00,mixed,East of Kharj Governorate,Al-Kharj,24.21882,47.358024,synthetic
2025-11-24 14:15:47+00:00,drone,Yanbu Port,Yanbu,24.012352,38.016441,synthetic
2026-04-19 05:52:15+00:00,drone,Eastern Region,Eastern Region,26.449215,50.138745,synthetic
2026-01-12 21:00:25+00:00,mixed,Eastern Region,Eastern Region,26.388517,50.144547,synthetic
2026-03-07 23:49:12+00:00,drone,Eastern Region,Eastern Region,26.401373,50.053141,synthetic
2025-08-01 15:37:10+00:00,drone,Area-A,Riyadh,24.68991,46.794332,synthetic
2026-04-05 22:21:28+00:00,mixed,Riyadh,Riyadh,24.754772,46.652176,synthetic
2026-03-05 18:04:09+00:00,mixed,Area-A,Riyadh,24.676853,46.74342,synthetic
2025-12-01 02:39:28+00:00,mixed,Empty Quarter – Shaybah Field,Eastern Region,26.487117,50.097512,synthetic
2025-07-23 07:32:22+00:00,mixed,Prince Sultan Air Base,Al-Kharj,24.044845,47.544968,synthetic
2026-02-02 09:20:13+00:00,mixed,Riyadh City,Riyadh,24.750701,46.710468,synthetic
2026-03-04 05:58:05+00:00,drone,Riyadh Region,Riyadh,24.715071,46.662679,synthetic
2026-03-24 05:10:25+00:00,drone,Empty Quarter – Shaybah Field,Eastern Region,26.526626,50.052119,synthetic
2026-04-19 09:49:58+00:00,drone,Ras Tanura Oil Refinery,Eastern Region,26.69046,50.314868,synthetic
2026-04-03 07:15:37+00:00,mixed,Riyadh,Riyadh,24.827153,46.670614,synthetic
2026-03-01 09:21:57+00:00,drone,Eastern Region,Eastern Region,26.448327,50.02123,synthetic
2026-04-15 01:08:21+00:00,drone,Ras Tanura Oil Refinery,Eastern Region,26.588162,50.174515,synthetic
2026-04-28 19:28:06+00:00,mixed,Riyadh Region,Riyadh,24.692935,46.62754,synthetic
2025-08-27 06:36:27+00:00,drone,Eastern Region,Eastern Region,26.479188,50.076754,synthetic
2025-12-04 06:34:48+00:00,mixed,Yanbu Industrial City,Yanbu,24.002144,38.164047,synthetic
2025-12-15 20:14:00+00:00,drone,Eastern Region,Eastern Region,26.533231,50.0812,synthetic
2026-03-18 19:22:24+00:00,mixed,Prince Sultan Air Base,Al-Kharj,23.943355,47.518842,synthetic
2025-07-04 02:53:24+00:00,drone,Empty Quarter – Shaybah Field,Eastern Region,26.444081,50.018302,synthetic
2026-05-07 19:15:16+00:00,drone,Riyadh,Riyadh,24.669957,46.779586,synthetic
2025-11-10 16:16:20+00:00,drone,Eastern Region,Eastern Region,26.467313,50.130056,synthetic
2026-03-14 11:47:46+00:00,drone,Empty Quarter – Shaybah Field,Eastern Region,26.42148,50.11383,synthetic
2025-09-03 04:40:50+00:00,drone,Riyadh,Riyadh,24.743547,46.715582,synthetic
2026-04-22 15:02:43+00:00,drone,Eastern Region,Eastern Region,26.40307,50.06722,synthetic
2026-03-05 12:56:26+00:00,drone,Eastern Region,Eastern Region,26.409506,50.142082,synthetic
2026-03-13 08:18:23+00:00,drone,Eastern Region,Eastern Region,26.45032,50.116765,synthetic
2025-06-30 15:46:53+00:00,mixed,Eastern Region,Eastern Region,26.463226,50.091223,synthetic
2026-04-13 14:41:52+00:00,drone,Eastern Region,Eastern Region,26.463826,50.172299,synthetic
2026-04-06 02:06:28+00:00,mixed,Riyadh Region,Riyadh,24.756426,46.602799,synthetic
2025-08-28 13:34:03+00:00,mixed,Riyadh,Riyadh,24.641061,46.617173,synthetic
2026-03-16 03:50:34+00:00,drone,Eastern Region,Eastern Region,26.445417,50.17451,synthetic
2025-05-31 15:05:00+00:00,drone,Eastern Region,Eastern Region,26.489808,50.235171,synthetic
2025-11-17 22:07:58+00:00,drone,Gas facility – Eastern Region,Eastern Region,26.370116,50.108492,synthetic
2025-06-11 10:28:28+00:00,mixed,Ras Tanura Oil Refinery,Eastern Region,26.683365,50.271428,synthetic
2025-09-03 19:08:19+00:00,drone,Eastern Region,Eastern Region,26.442307,50.147722,synthetic
2025-12-27 01:55:06+00:00,mixed,Riyadh City,Riyadh,24.726226,46.711668,synthetic
2025-08-16 17:48:08+00:00,drone,Riyadh,Riyadh,24.72569,46.768872,synthetic
2026-03-16 07:54:21+00:00,drone,Riyadh Airport,Riyadh,25.026491,46.68564,synthetic
2025-10-10 22:26:18+00:00,drone,Eastern Region,Eastern Region,26.391079,50.10348,synthetic
2025-12-20 12:40:09+00:00,drone,Riyadh,Riyadh,24.684427,46.715974,synthetic
2026-04-22 09:31:45+00:00,drone,Riyadh,Riyadh,24.700455,46.695187,synthetic
2026-03-27 01:47:41+00:00,mixed,Embassy District – Riyadh,Riyadh,24.701247,46.751426,synthetic
2026-04-06 12:55:17+00:00,mixed,Area-A,Riyadh,24.716969,46.685868,synthetic
2025-07-15 10:45:12+00:00,drone,Yanbu Refinery,Yanbu,24.11525,37.927151,synthetic
2025-08-18 18:16:42+00:00,drone,Eastern Region,Eastern Region,26.316434,50.134241,synthetic
2025-07-27 22:30:53+00:00,mixed,Yanbu Refinery,Yanbu,24.138743,38.049584,synthetic
2026-03-16 04:46:26+00:00,drone,Gas facility – Eastern Region,Eastern Region,26.421055,50.029462,synthetic
2026-04-15 02:12:25+00:00,drone,Eastern Region,Eastern Region,26.450701,50.122295,synthetic
2026-03-06 11:14:06+00:00,mixed,Eastern Region,Eastern Region,26.37704,50.152655,synthetic
2026-04-26 14:49:06+00:00,mixed,East of Kharj Governorate,Al-Kharj,24.223607,47.385747,synthetic
2025-10-18 11:08:18+00:00,mixed,Prince Sultan Air Base,Al-Kharj,24.048386,47.600823,synthetic
2026-03-26 04:07:55+00:00,drone,Riyadh,Riyadh,24.71149,46.691475,synthetic
2026-05-17 10:22:32+00:00,mixed,Prince Sultan Air Base,Al-Kharj,24.027735,47.502716,synthetic
2025-08-11 15:40:44+00:00,drone,Yanbu Industrial City,Yanbu,23.965104,38.114085,synthetic
2026-05-11 23:56:36+00:00,mixed,Prince Sultan Air Base,Al-Kharj,24.014463,47.636558,synthetic
2026-03-08 07:02:22+00:00,drone,Riyadh Region,Riyadh,24.712478,46.696619,synthetic
2026-03-03 20:39:27+00:00,drone,Eastern Region,Eastern Region,26.368777,50.0757,synthetic
2025-08-21 23:48:51+00:00,mixed,East of Kharj Governorate,Al-Kharj,24.171843,47.301551,synthetic
2026-03-01 05:43:38+00:00,mixed,Prince Sultan Air Base,Al-Kharj,24.083409,47.59962,synthetic
2025-10-28 22:27:11+00:00,drone,Eastern Region,Eastern Region,26.448631,50.057287,synthetic
2026-03-23 07:41:38+00:00,drone,Empty Quarter – Shaybah Field,Eastern Region,26.415967,50.093989,synthetic
2026-04-08 07:18:41+00:00,mixed,Eastern Region,Eastern Region,26.457817,50.086332,synthetic
2026-01-11 06:38:15+00:00,drone,Empty Quarter – Shaybah Field,Eastern Region,26.344312,50.067895,synthetic
2026-04-30 05:02:40+00:00,drone,Eastern Region,Eastern Region,26.425774,50.093048,synthetic
2025-08-18 16:18:24+00:00,drone,Eastern Region,Eastern Region,26.444845,50.225083,synthetic
2026-03-25 14:39:35+00:00,drone,Prince Sultan Air Base,Al-Kharj,24.119673,47.604189,synthetic
2026-04-06 01:16:48+00:00,drone,Eastern Region,Eastern Region,26.477807,50.244356,synthetic
2025-06-03 00:55:33+00:00,mixed,Prince Sultan Air Base,Al-Kharj,24.000651,47.55861,synthetic
2025-12-03 01:27:35+00:00,mixed,Area-A,Riyadh,24.766763,46.696742,synthetic
2026-04-13 19:58:36+00:00,mixed,Yanbu Refinery,Yanbu,24.123936,37.997805,synthetic
2026-03-28 23:05:06+00:00,drone,East of Kharj City,Al-Kharj,24.043112,47.41263,synthetic
2026-01-11 05:04:07+00:00,mixed,Area-A,Riyadh,24.714374,46.70068,synthetic
2025-09-10 06:46:36+00:00,drone,Eastern Region,Eastern Region,26.342676,50.13031,synthetic
2025-07-19 05:20:05+00:00,drone,Empty Quarter – Shaybah Field,Eastern Region,26.411099,50.044726,synthetic
2026-03-15 06:42:57+00:00,drone,Ras Tanura Oil Refinery,Eastern Region,26.589961,50.280702,synthetic
2026-04-26 00:19:18+00:00,drone,Yanbu,Yanbu,24.02693,38.027085,synthetic
2025-08-09 03:41:04+00:00,drone,Riyadh Region,Riyadh,24.760948,46.685562,synthetic
2025-08-09 06:33:16+00:00,drone,Eastern Region,Eastern Region,26.386361,50.161923,synthetic
2025-08-09 00:29:00+00:00,drone,Eastern Region,Eastern Region,26.464216,50.170221,synthetic
2025-08-09 07:26:24+00:00,mixed,Riyadh Region,Riyadh,24.748848,46.683771,synthetic
2025-08-09 09:21:58+00:00,drone,Eastern Region,Eastern Region,26.57166,50.104726,synthetic
2026-01-04 14:43:54+00:00,mixed,Riyadh,Riyadh,24.671283,46.602856,synthetic
2026-03-03 09:55:47+00:00,drone,Eastern Region,Eastern Region,26.397804,50.114568,synthetic
2026-04-28 08:48:06+00:00,drone,Eastern Region,Eastern Region,26.466916,50.101493,synthetic
2025-05-25 11:16:45+00:00,mixed,Eastern Region,Eastern Region,26.45239,50.119908,synthetic
2026-03-24 04:53:18+00:00,drone,Hafr Al-Batin,Hafr Al-Batin,28.487867,45.919454,synthetic
2026-03-14 10:02:45+00:00,mixed,Kharj Governorate,Al-Kharj,24.196169,47.273968,synthetic
2026-03-26 17:49:16+00:00,mixed,Riyadh Region,Riyadh,24.786571,46.520895,synthetic
2026-04-04 03:12:14+00:00,drone,East of Kharj Governorate,Al-Kharj,24.197488,47.324475,synthetic
2026-03-05 19:09:34+00:00,mixed,Riyadh,Riyadh,24.704465,46.825251,synthetic
2026-03-05 02:14:14+00:00,drone,Eastern Region,Eastern Region,26.361705,50.106048,synthetic
2026-03-05 02:44:27+00:00,mixed,Yanbu,Yanbu,24.072023,38.043727,synthetic
2026-03-05 10:12:36+00:00,drone,East of Al-Jouf Region,Al-Jouf,30.034631,40.131002,synthetic
2026-05-17 08:03:40+00:00,drone,Eastern Region,Eastern Region,26.404888,50.062871,synthetic
2026-01-17 03:47:45+00:00,mixed,Yanbu Refinery,Yanbu,24.202839,38.078528,synthetic
2026-01-04 04:51:19+00:00,drone,Riyadh,Riyadh,24.672871,46.627501,synthetic
2025-08-13 17:16:38+00:00,mixed,Gas facility – Eastern Region,Eastern Region,26.403191,50.093765,synthetic
2025-05-22 05:42:18+00:00,drone,Eastern Region,Eastern Region,26.377365,50.048633,synthetic
2026-04-30 20:26:41+00:00,drone,Eastern Region,Eastern Region,26.413577,50.090901,synthetic
2025-09-01 06:19:51+00:00,drone,Eastern Region,Eastern Region,26.430021,50.167884,synthetic
2025-06-21 16:44:42+00:00,mixed,Empty Quarter – Shaybah Field,Eastern Region,26.462074,50.096213,synthetic
2026-04-16 12:46:49+00:00,mixed,Riyadh,Riyadh,24.744315,46.750129,synthetic
2025-10-28 10:35:01+00:00,mixed,Riyadh,Riyadh,24.710462,46.588135,synthetic
2026-03-26 05:00:12+00:00,drone,East of Kharj Governorate,Al-Kharj,24.109148,47.309339,synthetic
2026-04-07 04:20:39+00:00,drone,Eastern Region,Eastern Region,26.416613,50.105589,synthetic
2025-10-26 13:46:32+00:00,drone,Eastern Region,Eastern Region,26.383992,50.137638,synthetic
2026-04-07 22:09:26+00:00,drone,Eastern Region,Eastern Region,26.417109,50.090986,synthetic
2026-04-20 08:30:04+00:00,mixed,Al-Kharj,Al-Kharj,24.14658,47.240376,synthetic
2026-04-01 14:40:28+00:00,drone,Yanbu Industrial City,Yanbu,24.045556,38.118621,synthetic
2026-03-10 11:30:09+00:00,mixed,Prince Sultan Air Base,Al-Kharj,24.020935,47.586391,synthetic
2025-05-20 12:41:43+00:00,mixed,Riyadh,Riyadh,24.682084,46.716881,synthetic
2025-05-22 03:55:47+00:00,drone,Eastern Region,Eastern Region,26.38819,50.119728,synthetic
2026-04-21 14:34:16+00:00,drone,Eastern Region,Eastern Region,26.341164,50.150983,synthetic
2026-03-21 01:41:39+00:00,mixed,Eastern Region,Eastern Region,26.521916,50.105882,synthetic
2026-03-11 17:52:12+00:00,drone,Prince Sultan Air Base,Al-Kharj,24.057549,47.549643,synthetic
2025-09-27 11:14:33+00:00,drone,Eastern Region,Eastern Region,26.379396,50.141302,synthetic
2025-07-25 23:07:30+00:00,drone,Empty Quarter – Shaybah Field,Eastern Region,26.457974,50.038063,synthetic
2026-02-16 23:25:43+00:00,mixed,Prince Sultan Air Base,Al-Kharj,24.022317,47.754484,synthetic
2025-08-24 00:23:01+00:00,mixed,Prince Sultan Air Base,Al-Kharj,24.001638,47.599842,synthetic
2026-03-25 11:09:50+00:00,mixed,Yanbu Industrial City,Yanbu,24.024458,38.195044,synthetic
2026-03-25 13:19:42+00:00,mixed,East of Kharj Governorate,Al-Kharj,24.165234,47.414151,synthetic
2026-03-25 19:02:02+00:00,drone,Prince Sultan Air Base,Al-Kharj,23.992313,47.528237,synthetic
2026-03-25 14:06:00+00:00,drone,Eastern Region,Eastern Region,26.3244,50.084182,synthetic
2026-01-31 23:56:17+00:00,mixed,North of Riyadh City,Riyadh,24.710093,46.666425,synthetic
2026-04-15 14:30:50+00:00,drone,Empty Quarter – Shaybah Field,Eastern Region,26.421279,49.99442,synthetic
2026-03-16 11:19:22+00:00,drone,Eastern Region,Eastern Region,26.47378,50.179572,synthetic
2026-04-29 19:31:35+00:00,drone,Eastern Region,Eastern Region,26.498387,50.183942,synthetic
2026-03-04 21:22:16+00:00,mixed,East of Kharj Governorate,Al-Kharj,24.080427,47.326608,synthetic
2025-12-07 21:00:41+00:00,drone,Prince Sultan Air Base,Al-Kharj,24.064855,47.533732,synthetic
2026-01-23 08:14:30+00:00,drone,Riyadh,Riyadh,24.666738,46.635846,synthetic
2026-01-23 22:47:28+00:00,drone,East of Kharj Governorate,Al-Kharj,24.165092,47.329709,synthetic
2025-06-14 17:02:48+00:00,drone,Riyadh,Riyadh,24.622293,46.744155,synthetic
2026-04-25 15:49:37+00:00,drone,Eastern Region,Eastern Region,26.405515,50.083499,synthetic
2025-06-02 06:48:58+00:00,drone,Eastern Region,Eastern Region,26.521601,50.143152,synthetic
2026-02-09 21:30:39+00:00,drone,Eastern Region,Eastern Region,26.302435,50.163359,synthetic
2025-11-19 07:16:40+00:00,mixed,Area-A,Riyadh,24.734851,46.677843,synthetic
2025-09-28 14:19:47+00:00,drone,Empty Quarter – Shaybah Field,Eastern Region,26.490993,50.066979,synthetic
2026-04-05 06:57:30+00:00,mixed,Prince Sultan Air Base,Al-Kharj,24.031796,47.594079,synthetic
2025-09-02 07:19:08+00:00,drone,Eastern Region,Eastern Region,26.354612,50.129289,synthetic
2025-07-11 05:41:04+00:00,drone,Yanbu Port,Yanbu,24.138073,38.010528,synthetic
2026-03-10 19:53:22+00:00,drone,Eastern Region,Eastern Region,26.430847,50.110972,synthetic
2025-11-15 16:19:36+00:00,drone,East of Al-Jouf Region,Al-Jouf,29.942512,40.159395,synthetic
2026-01-18 04:11:52+00:00,drone,Riyadh,Riyadh,24.731579,46.679318,synthetic
2025-05-27 15:32:58+00:00,drone,Riyadh,Riyadh,24.752947,46.578141,synthetic
2025-08-16 05:05:15+00:00,drone,Eastern Region,Eastern Region,26.415228,50.154016,synthetic
2026-05-19 10:42:11+00:00,drone,Eastern Region,Eastern Region,26.3713,50.135981,synthetic
2026-01-01 18:40:25+00:00,drone,Empty Quarter – Shaybah Field,Eastern Region,26.470617,50.049726,synthetic
2026-05-11 02:55:42+00:00,drone,Empty Quarter – Shaybah Field,Eastern Region,26.363772,50.138189,synthetic
2026-03-29 11:33:19+00:00,drone,Riyadh,Riyadh,24.804561,46.73067,synthetic
2025-08-20 20:40:39+00:00,mixed,Area-A,Riyadh,24.714496,46.661504,synthetic
2026-05-20 05:49:22+00:00,drone,Empty Quarter – Shaybah Field,Eastern Region,26.461431,50.04554,synthetic
2026-04-22 13:49:15+00:00,drone,Empty Quarter – Shaybah Field,Eastern Region,26.422012,50.038878,synthetic
2026-04-20 01:53:51+00:00,drone,Embassy District – Riyadh,Riyadh,24.72496,46.741629,synthetic
2026-01-10 05:09:38+00:00,mixed,Prince Sultan Air Base,Al-Kharj,24.1176,47.536608,synthetic
2025-09-14 19:26:19+00:00,drone,East of Al-Jouf Region,Al-Jouf,29.902092,40.170936,synthetic
2026-01-10 12:17:32+00:00,drone,Riyadh,Riyadh,24.656352,46.704194,synthetic
2026-01-03 07:49:23+00:00,drone,Eastern Region,Eastern Region,26.443902,50.213178,synthetic
2025-12-06 04:48:57+00:00,drone,Gas facility – Eastern Region,Eastern Region,26.469544,50.130605,synthetic
2025-12-07 19:15:48+00:00,mixed,Empty Quarter – Shaybah Field,Eastern Region,26.366161,50.126137,synthetic
2025-10-16 10:54:52+00:00,drone,Eastern Region,Eastern Region,26.461602,50.086762,synthetic
2026-01-23 03:24:53+00:00,mixed,Ras Tanura Oil Refinery,Eastern Region,26.678371,50.211433,synthetic
2025-07-08 10:27:20+00:00,drone,Empty Quarter – Shaybah Field,Eastern Region,26.444971,50.119824,synthetic
2026-04-14 04:28:18+00:00,drone,Eastern Region,Eastern Region,26.426691,50.151336,synthetic
2026-05-08 14:41:55+00:00,mixed,East of Kharj Governorate,Al-Kharj,24.118917,47.327774,synthetic
2026-04-20 14:07:52+00:00,mixed,Prince Sultan Air Base,Al-Kharj,24.027527,47.585155,synthetic
2025-08-04 09:28:58+00:00,drone,Eastern Region,Eastern Region,26.377728,50.035471,synthetic
2026-04-03 11:23:09+00:00,mixed,Riyadh Region,Riyadh,24.685229,46.628559,synthetic
2026-03-31 12:05:24+00:00,drone,Eastern Region,Eastern Region,26.382164,50.173061,synthetic
2025-05-21 15:39:15+00:00,drone,Eastern Region,Eastern Region,26.457744,50.088733,synthetic
2025-09-13 05:35:46+00:00,mixed,Riyadh,Riyadh,24.77521,46.707379,synthetic
2025-07-25 07:35:33+00:00,drone,Prince Sultan Air Base,Al-Kharj,23.998553,47.549326,synthetic
2026-05-09 17:30:44+00:00,drone,Eastern Region,Eastern Region,26.392239,50.117415,synthetic
2026-04-29 11:21:26+00:00,drone,Riyadh Region,Riyadh,24.646796,46.66557,synthetic
2025-10-17 14:35:07+00:00,drone,East of Kharj Governorate,Al-Kharj,24.095908,47.331899,synthetic
2026-01-22 16:34:44+00:00,drone,Empty Quarter – Shaybah Field,Eastern Region,26.389284,50.088744,synthetic
2026-01-22 10:17:52+00:00,drone,Eastern Region,Eastern Region,26.413064,50.115663,synthetic
2026-01-22 20:43:15+00:00,mixed,East of Kharj Governorate,Al-Kharj,24.120634,47.360891,synthetic
2026-01-22 02:04:54+00:00,mixed,Yanbu Refinery,Yanbu,24.118974,38.056744,synthetic
2026-01-22 21:51:05+00:00,drone,Riyadh,Riyadh,24.721786,46.725937,synthetic
2025-09-24 10:24:07+00:00,mixed,Riyadh Region,Riyadh,24.688076,46.624836,synthetic
2025-10-08 02:35:45+00:00,mixed,Embassy District – Riyadh,Riyadh,24.74004,46.647258,synthetic
2026-05-20 14:56:43+00:00,drone,Eastern Region,Eastern Region,26.364096,50.119894,synthetic
2025-11-18 10:55:43+00:00,mixed,East of Kharj City,Al-Kharj,24.216037,47.370438,synthetic
2025-08-07 14:04:23+00:00,mixed,Eastern Region,Eastern Region,26.446906,50.165775,synthetic
2026-04-21 20:22:57+00:00,drone,Empty Quarter – Shaybah Field,Eastern Region,26.455815,50.053292,synthetic
2026-04-01 15:06:53+00:00,mixed,Riyadh,Riyadh,24.803208,46.680912,synthetic
2025-07-27 19:12:30+00:00,drone,East of Al-Jouf Region,Al-Jouf,29.919973,40.194159,synthetic
2025-08-11 16:07:48+00:00,drone,Empty Quarter – Shaybah Field,Eastern Region,26.306379,50.02549,synthetic
2025-08-05 05:39:20+00:00,drone,Eastern Region,Eastern Region,26.430622,50.107399,synthetic
2026-03-13 13:17:39+00:00,drone,Eastern Region,Eastern Region,26.385876,50.127792,synthetic
2025-08-19 02:28:27+00:00,mixed,Riyadh Region,Riyadh,24.685369,46.629937,synthetic
2026-01-08 03:59:57+00:00,mixed,East of Kharj Governorate,Al-Kharj,24.131458,47.420042,synthetic
2026-03-03 11:40:51+00:00,drone,Yanbu Industrial City,Yanbu,24.037025,38.188982,synthetic
2026-02-11 08:49:10+00:00,mixed,East of Kharj Governorate,Al-Kharj,24.085636,47.420916,synthetic
2026-02-11 21:29:51+00:00,mixed,Empty Quarter – Shaybah Field,Eastern Region,26.455755,50.059515,synthetic
2026-02-11 19:26:23+00:00,drone,Eastern Region,Eastern Region,26.358637,50.179594,synthetic
2026-02-11 19:56:06+00:00,mixed,Eastern Region,Eastern Region,26.463576,50.0779,synthetic
2025-11-22 01:19:53+00:00,drone,Empty Quarter – Shaybah Field,Eastern Region,26.399054,50.170858,synthetic
2025-06-04 08:34:46+00:00,drone,Eastern Region,Eastern Region,26.425523,50.032368,synthetic
2025-08-09 20:34:24+00:00,mixed,East of Kharj Governorate,Al-Kharj,24.17138,47.373803,synthetic
2026-04-26 20:02:58+00:00,mixed,Eastern Region,Eastern Region,26.446375,50.114561,synthetic
2025-12-12 16:28:32+00:00,mixed,Prince Sultan Air Base,Al-Kharj,24.049121,47.595564,synthetic
2026-03-22 19:30:39+00:00,drone,Prince Sultan Air Base,Al-Kharj,24.05106,47.635656,synthetic
2025-06-04 08:38:22+00:00,drone,East of Al-Jouf Region,Al-Jouf,29.888946,40.146213,synthetic
2026-04-05 13:27:41+00:00,drone,Empty Quarter – Shaybah Field,Eastern Region,26.347586,50.12056,synthetic
2025-11-12 10:04:52+00:00,drone,Eastern Region,Eastern Region,26.491997,50.12083,synthetic
2025-11-13 22:32:54+00:00,drone,Riyadh,Riyadh,24.777783,46.733466,synthetic
2026-04-30 13:14:36+00:00,drone,Eastern Region,Eastern Region,26.415757,50.103976,synthetic
2026-04-30 09:14:16+00:00,drone,Eastern Region,Eastern Region,26.380576,50.112554,synthetic
2025-12-28 05:00:28+00:00,drone,Yanbu Port,Yanbu,24.10817,38.072074,synthetic
2026-01-28 04:07:54+00:00,drone,Eastern Region,Eastern Region,26.464909,50.188703,synthetic
2025-10-31 10:17:08+00:00,drone,Eastern Region,Eastern Region,26.378291,50.079578,synthetic
2026-04-27 03:18:11+00:00,drone,Empty Quarter – Shaybah Field,Eastern Region,26.437554,50.066989,synthetic
2025-10-11 02:35:04+00:00,drone,Eastern Region,Eastern Region,26.437957,50.052335,synthetic
2026-03-31 15:40:24+00:00,drone,Eastern Region,Eastern Region,26.442566,50.127535,synthetic
2026-03-10 09:37:38+00:00,drone,Eastern Region,Eastern Region,26.452463,50.0944,synthetic
2026-03-21 08:50:35+00:00,drone,Prince Sultan Air Base,Al-Kharj,23.991592,47.581889,synthetic
2026-03-18 07:50:48+00:00,drone,Riyadh,Riyadh,24.6768,46.713023,synthetic
2025-10-05 13:00:25+00:00,mixed,Riyadh Region,Riyadh,24.682452,46.702968,synthetic
2026-03-31 17:45:27+00:00,drone,Riyadh,Riyadh,24.699727,46.794057,synthetic
2026-02-09 23:52:33+00:00,drone,Hafr Al-Batin,Hafr Al-Batin,28.410254,45.974922,synthetic
2026-03-27 20:43:54+00:00,drone,Empty Quarter – Shaybah Field,Eastern Region,26.347705,49.99383,synthetic
2025-08-29 03:03:25+00:00,mixed,Riyadh,Riyadh,24.6103,46.755968,synthetic
2026-01-18 15:04:07+00:00,mixed,East of Kharj Governorate,Al-Kharj,24.124464,47.404469,synthetic
2025-05-31 01:51:15+00:00,drone,Yanbu Port,Yanbu,24.085659,38.111233,synthetic
2025-05-28 07:34:36+00:00,drone,Eastern Region,Eastern Region,26.385599,50.118613,synthetic
2026-01-17 02:03:50+00:00,drone,Yanbu Port,Yanbu,23.970872,37.969954,synthetic
2025-10-25 17:39:56+00:00,mixed,Area-A,Riyadh,24.621865,46.706101,synthetic
2026-02-10 00:40:33+00:00,drone,Eastern Region,Eastern Region,26.502487,50.08645,synthetic
2026-04-24 11:27:04+00:00,mixed,Area-A,Riyadh,24.749812,46.650813,synthetic
2026-03-15 00:56:18+00:00,mixed,East of Kharj Governorate,Al-Kharj,24.098027,47.36216,synthetic
2025-06-12 22:24:48+00:00,mixed,Al-Kharj,Al-Kharj,24.137893,47.318229,synthetic
2025-11-25 22:06:36+00:00,mixed,Eastern Region,Eastern Region,26.454605,50.121974,synthetic
2025-12-15 08:24:31+00:00,mixed,Empty Quarter – Shaybah Field,Eastern Region,26.400424,50.051308,synthetic
2025-12-15 20:07:05+00:00,drone,Eastern Region,Eastern Region,26.443981,50.223203,synthetic
2025-12-15 07:45:43+00:00,mixed,Kharj Governorate,Al-Kharj,24.202675,47.372303,synthetic
2025-12-08 06:07:03+00:00,drone,Empty Quarter – Shaybah Field,Eastern Region,26.476522,50.060558,synthetic
2026-01-02 04:13:30+00:00,mixed,Riyadh,Riyadh,24.677207,46.646848,synthetic
2026-03-22 08:19:19+00:00,drone,Eastern Region,Eastern Region,26.430933,50.069204,synthetic
2025-06-04 13:12:55+00:00,drone,Riyadh,Riyadh,24.696228,46.627737,synthetic
2026-04-06 22:11:04+00:00,mixed,Eastern Region,Eastern Region,26.354021,50.139233,synthetic
2026-04-26 16:26:34+00:00,drone,Empty Quarter – Shaybah Field,Eastern Region,26.423275,50.100574,synthetic
2026-03-26 07:49:25+00:00,drone,Area-A,Riyadh,24.778957,46.707983,synthetic
2026-05-02 21:54:23+00:00,mixed,Riyadh Airport,Riyadh,25.000324,46.693896,synthetic
2026-04-19 10:19:01+00:00,mixed,North of Riyadh City,Riyadh,24.666203,46.708489,synthetic
2025-12-09 22:11:57+00:00,drone,Eastern Region,Eastern Region,26.380112,50.156997,synthetic
2026-04-03 05:26:39+00:00,mixed,Riyadh,Riyadh,24.673058,46.675551,synthetic
2025-07-19 14:44:58+00:00,drone,Prince Sultan Air Base,Al-Kharj,24.059121,47.617945,synthetic
2025-07-24 04:02:28+00:00,mixed,Area-A,Riyadh,24.688486,46.638669,synthetic
2026-03-02 03:08:54+00:00,mixed,Riyadh,Riyadh,24.688999,46.692025,synthetic
2025-09-28 06:59:04+00:00,mixed,East of Kharj Governorate,Al-Kharj,24.162811,47.371923,synthetic
2025-11-29 23:16:02+00:00,mixed,North of Riyadh City,Riyadh,24.707974,46.627076,synthetic
2026-01-03 21:41:27+00:00,mixed,Al-Kharj,Al-Kharj,24.177855,47.325081,synthetic
2025-12-19 05:47:29+00:00,drone,Empty Quarter – Shaybah Field,Eastern Region,26.419429,50.101075,synthetic
2025-07-19 17:59:14+00:00,drone,Yanbu,Yanbu,24.096962,38.131192,synthetic
2026-03-21 01:31:07+00:00,mixed,Empty Quarter – Shaybah Field,Eastern Region,26.438175,50.132629,synthetic
2026-05-07 16:27:54+00:00,drone,Prince Sultan Air Base,Al-Kharj,24.002022,47.589679,synthetic
2025-09-17 01:32:40+00:00,drone,East of Kharj Governorate,Al-Kharj,24.186785,47.380732,synthetic
2025-09-10 07:10:09+00:00,drone,Riyadh,Riyadh,24.793655,46.755385,synthetic
2026-04-13 07:00:57+00:00,drone,Yanbu Industrial City,Yanbu,24.016197,38.174475,synthetic
2025-06-20 16:25:32+00:00,drone,Eastern Region,Eastern Region,26.449511,49.90401,synthetic
2025-10-18 23:33:34+00:00,drone,Empty Quarter – Shaybah Field,Eastern Region,26.406683,49.95889,synthetic
2025-09-29 17:22:27+00:00,drone,Hafr Al-Batin,Hafr Al-Batin,28.356508,45.864448,synthetic
2026-03-13 21:06:05+00:00,drone,Eastern Region,Eastern Region,26.420769,50.025976,synthetic
2026-04-13 18:31:34+00:00,drone,Yanbu Port,Yanbu,24.060538,38.120224,synthetic
2025-07-22 19:45:04+00:00,drone,Empty Quarter – Shaybah Field,Eastern Region,26.478978,50.109335,synthetic
2026-01-02 13:11:14+00:00,mixed,Riyadh,Riyadh,24.710179,46.638529,synthetic
2026-04-10 10:14:01+00:00,drone,Al-Kharj,Al-Kharj,24.116421,47.30781,synthetic
2026-03-24 13:57:13+00:00,drone,Eastern Region,Eastern Region,26.439159,50.037943,synthetic
2025-11-07 17:10:23+00:00,mixed,Riyadh,Riyadh,24.731777,46.72134,synthetic
2025-11-10 08:34:35+00:00,drone,Eastern Region,Eastern Region,26.472819,50.032528,synthetic
2025-11-16 07:43:00+00:00,mixed,Eastern Region,Eastern Region,26.48682,50.079847,synthetic
2025-05-30 18:46:17+00:00,mixed,Embassy District – Riyadh,Riyadh,24.66968,46.72879,synthetic
2026-03-08 13:36:50+00:00,drone,Riyadh,Riyadh,24.706447,46.743796,synthetic
2026-03-08 11:27:02+00:00,drone,Empty Quarter – Shaybah Field,Eastern Region,26.433915,50.030785,synthetic
2026-03-15 00:29:47+00:00,drone,Eastern Region,Eastern Region,26.416937,50.133734,synthetic
2026-01-04 14:15:49+00:00,drone,Eastern Region,Eastern Region,26.378843,50.218074,synthetic
2025-11-21 10:59:27+00:00,drone,Riyadh,Riyadh,24.690031,46.621811,synthetic
2026-03-30 00:20:47+00:00,drone,Eastern Region,Eastern Region,26.409835,50.09653,synthetic
2025-09-29 08:16:43+00:00,drone,Embassy District – Riyadh,Riyadh,24.723688,46.770272,synthetic
2026-01-23 08:47:18+00:00,mixed,Yanbu,Yanbu,23.998775,38.022063,synthetic
2026-04-17 12:14:18+00:00,drone,Al-Kharj,Al-Kharj,24.076639,47.332338,synthetic
2026-03-29 15:01:35+00:00,drone,Eastern Region,Eastern Region,26.397043,50.187528,synthetic
2026-03-29 03:04:51+00:00,drone,Yanbu Industrial City,Yanbu,24.033187,38.176843,synthetic
2026-03-22 06:13:45+00:00,mixed,Eastern Region,Eastern Region,26.470831,50.208763,synthetic
2025-07-04 09:41:36+00:00,drone,Yanbu Port,Yanbu,24.129927,38.09181,synthetic
2025-11-01 07:36:56+00:00,drone,Hafr Al-Batin,Hafr Al-Batin,28.405577,46.030002,synthetic
2026-02-26 21:06:42+00:00,drone,Empty Quarter – Shaybah Field,Eastern Region,26.410028,50.083277,synthetic
2026-02-26 09:40:31+00:00,drone,Eastern Region,Eastern Region,26.564922,50.063248,synthetic
2026-03-06 05:25:43+00:00,mixed,Yanbu,Yanbu,24.097953,38.029532,synthetic
2025-06-14 13:44:41+00:00,drone,Empty Quarter – Shaybah Field,Eastern Region,26.268182,50.13762,synthetic
2025-06-14 03:10:58+00:00,drone,Eastern Region,Eastern Region,26.48184,50.283874,synthetic
2025-05-28 15:19:13+00:00,mixed,Empty Quarter – Shaybah Field,Eastern Region,26.386652,50.006254,synthetic
2025-08-14 23:30:52+00:00,mixed,Riyadh,Riyadh,24.715216,46.764591,synthetic
2025-07-07 12:12:34+00:00,drone,Eastern Region,Eastern Region,26.391876,50.198387,synthetic
2025-08-17 06:36:31+00:00,drone,Eastern Region,Eastern Region,26.405323,50.132514,synthetic
2025-09-17 18:45:44+00:00,drone,Eastern Region,Eastern Region,26.355902,50.134661,synthetic
2026-03-10 07:15:35+00:00,drone,Eastern Region,Eastern Region,26.467562,50.125815,synthetic
2026-04-25 17:38:49+00:00,drone,Empty Quarter – Shaybah Field,Eastern Region,26.402323,49.990985,synthetic
2025-10-02 03:07:06+00:00,mixed,Prince Sultan Air Base,Al-Kharj,24.067494,47.68844,synthetic
2026-03-02 14:39:45+00:00,drone,Eastern Region,Eastern Region,26.42148,50.086841,synthetic
2025-11-16 04:27:50+00:00,drone,Eastern Region,Eastern Region,26.385868,50.131239,synthetic
2025-11-15 17:59:58+00:00,drone,Eastern Region,Eastern Region,26.465359,50.065815,synthetic
2025-10-26 05:27:32+00:00,drone,Eastern Region,Eastern Region,26.532169,50.078752,synthetic
2025-11-01 14:56:18+00:00,drone,Riyadh,Riyadh,24.655514,46.61965,synthetic
2026-03-22 15:09:19+00:00,drone,Eastern Region,Eastern Region,26.480246,50.173019,synthetic
2025-10-05 22:47:09+00:00,mixed,Empty Quarter – Shaybah Field,Eastern Region,26.394003,50.198688,synthetic
2025-11-12 04:26:01+00:00,drone,Eastern Region,Eastern Region,26.451336,50.19607,synthetic
2025-11-07 00:53:45+00:00,drone,Eastern Region,Eastern Region,26.415079,50.050881,synthetic
2026-02-21 09:20:56+00:00,mixed,Riyadh City – US Embassy,Riyadh,24.619825,46.687219,synthetic
2026-05-02 23:47:04+00:00,mixed,Prince Sultan Air Base,Al-Kharj,23.926597,47.646137,synthetic
2026-04-27 11:59:23+00:00,mixed,East of Kharj Governorate,Al-Kharj,24.228226,47.465764,synthetic
2025-06-01 17:01:33+00:00,mixed,Yanbu Refinery,Yanbu,24.136137,38.038471,synthetic
2025-06-29 06:26:15+00:00,mixed,Riyadh,Riyadh,24.726178,46.649886,synthetic
2026-03-25 17:54:38+00:00,drone,Eastern Region,Eastern Region,26.356822,50.134925,synthetic
2026-04-07 14:55:53+00:00,drone,Yanbu Port,Yanbu,24.072845,38.059078,synthetic
2026-03-21 11:19:45+00:00,mixed,Embassy District – Riyadh,Riyadh,24.75759,46.683446,synthetic
2025-11-03 21:08:52+00:00,mixed,Riyadh,Riyadh,24.694736,46.687858,synthetic
2026-04-04 10:03:11+00:00,mixed,Yanbu,Yanbu,24.116197,38.030993,synthetic
2026-05-15 07:39:09+00:00,drone,Prince Sultan Air Base,Al-Kharj,23.963791,47.529946,synthetic
2026-04-06 10:56:12+00:00,mixed,Area-A,Riyadh,24.776928,46.657282,synthetic
2026-04-06 15:34:41+00:00,drone,Empty Quarter – Shaybah Field,Eastern Region,26.443032,50.126754,synthetic
2025-11-26 12:49:22+00:00,mixed,Eastern Region,Eastern Region,26.380216,50.095311,synthetic
2026-01-20 02:44:48+00:00,drone,Eastern Region,Eastern Region,26.419263,50.142138,synthetic
2026-01-20 20:51:15+00:00,mixed,Eastern Region,Eastern Region,26.423261,50.11751,synthetic
2026-01-20 07:32:26+00:00,mixed,Prince Sultan Air Base,Al-Kharj,24.057793,47.710379,synthetic
2026-03-09 19:30:26+00:00,mixed,Area-A,Riyadh,24.717871,46.657047,synthetic
2026-04-22 05:23:57+00:00,drone,Empty Quarter – Shaybah Field,Eastern Region,26.511991,49.988298,synthetic
2026-03-08 09:38:11+00:00,mixed,Riyadh,Riyadh,24.723982,46.715789,synthetic
2026-05-11 13:55:38+00:00,mixed,Eastern Region,Eastern Region,26.407625,50.174233,synthetic
2025-06-21 00:17:38+00:00,drone,Empty Quarter – Shaybah Field,Eastern Region,26.339003,50.139168,synthetic
2026-04-06 18:43:12+00:00,drone,Eastern Region,Eastern Region,26.447126,50.11172,synthetic
2026-04-16 15:37:47+00:00,drone,East of Al-Jouf Region,Al-Jouf,29.910463,40.270572,synthetic
2026-05-20 12:01:53+00:00,drone,Gas facility – Eastern Region,Eastern Region,26.384804,50.030607,synthetic
2025-10-31 03:43:11+00:00,mixed,Area-A,Riyadh,24.721324,46.611231,synthetic
2026-04-22 07:03:51+00:00,mixed,East of Kharj Governorate,Al-Kharj,24.081497,47.38667,synthetic
2026-04-01 14:01:03+00:00,drone,Eastern Region,Eastern Region,26.359425,50.142732,synthetic
2026-04-05 17:13:47+00:00,drone,Ras Tanura Oil Refinery,Eastern Region,26.692158,50.270749,synthetic
2025-10-25 05:45:14+00:00,drone,East of Al-Jouf Region,Al-Jouf,29.901786,40.284807,synthetic
2026-02-15 06:10:31+00:00,mixed,Prince Sultan Air Base,Al-Kharj,24.103925,47.630016,synthetic
2026-03-10 23:57:41+00:00,drone,Eastern Region,Eastern Region,26.419257,50.200389,synthetic
2025-08-27 11:58:47+00:00,mixed,Eastern Region,Eastern Region,26.459829,50.131849,synthetic
2025-10-22 12:13:40+00:00,drone,Empty Quarter – Shaybah Field,Eastern Region,26.447136,50.092168,synthetic
2026-03-11 09:01:21+00:00,mixed,Eastern Region,Eastern Region,26.474586,50.187908,synthetic
2025-08-09 19:01:09+00:00,drone,Riyadh,Riyadh,24.71735,46.638092,synthetic
2025-06-23 12:03:00+00:00,mixed,Yanbu Refinery,Yanbu,24.218703,38.095449,synthetic
2025-06-23 12:36:08+00:00,mixed,Riyadh Region,Riyadh,24.698968,46.702678,synthetic
2026-01-09 16:23:35+00:00,mixed,Yanbu Port,Yanbu,24.066902,38.063236,synthetic
2025-10-01 10:57:00+00:00,drone,Eastern Region,Eastern Region,26.487029,50.202036,synthetic
2025-11-11 23:30:05+00:00,mixed,Riyadh Region,Riyadh,24.659504,46.684646,synthetic
2025-10-10 10:02:29+00:00,drone,Eastern Region,Eastern Region,26.429023,50.03645,synthetic
2026-03-11 09:26:54+00:00,mixed,Eastern Region,Eastern Region,26.367272,50.088206,synthetic
2025-07-08 02:41:55+00:00,drone,Eastern Region,Eastern Region,26.453876,50.026014,synthetic
2025-07-08 16:36:22+00:00,drone,Empty Quarter – Shaybah Field,Eastern Region,26.388827,50.118618,synthetic
2025-07-08 23:14:04+00:00,drone,Empty Quarter – Shaybah Field,Eastern Region,26.426273,50.162301,synthetic
2026-04-18 02:07:15+00:00,mixed,Al-Kharj,Al-Kharj,24.113205,47.340292,synthetic
2026-04-18 23:27:02+00:00,drone,Eastern Region,Eastern Region,26.37531,50.120414,synthetic
2025-10-07 08:23:31+00:00,mixed,Area-A,Riyadh,24.707145,46.645473,synthetic
2025-10-04 02:45:10+00:00,drone,Riyadh Region,Riyadh,24.724889,46.625428,synthetic
2025-12-09 18:18:24+00:00,mixed,Riyadh,Riyadh,24.700103,46.672194,synthetic
2025-10-22 14:03:14+00:00,drone,Eastern Region,Eastern Region,26.390081,50.128269,synthetic
2025-07-28 08:54:53+00:00,drone,Riyadh Region,Riyadh,24.758577,46.720897,synthetic
2025-12-10 19:00:54+00:00,drone,Riyadh Region,Riyadh,24.602108,46.647277,synthetic
2026-04-19 03:53:45+00:00,drone,East of Al-Jouf Region,Al-Jouf,29.893308,40.134478,synthetic
2025-09-21 13:50:36+00:00,drone,Ras Tanura Oil Refinery,Eastern Region,26.685072,50.140644,synthetic
2025-09-17 06:48:30+00:00,mixed,Yanbu Port,Yanbu,24.021318,38.01576,synthetic
2025-11-25 03:24:35+00:00,drone,Riyadh Region,Riyadh,24.671172,46.732924,synthetic
2026-04-29 00:37:30+00:00,drone,Eastern Region,Eastern Region,26.438608,50.084362,synthetic
2026-04-28 18:11:05+00:00,drone,Riyadh Region,Riyadh,24.793521,46.622893,synthetic
2025-08-04 18:42:56+00:00,mixed,Yanbu Refinery,Yanbu,24.04616,38.108249,synthetic
2026-03-23 07:36:43+00:00,drone,Kharj Governorate,Al-Kharj,24.114972,47.288523,synthetic
2025-11-22 22:59:07+00:00,mixed,Yanbu Industrial City,Yanbu,24.12249,38.257167,synthetic
2026-04-07 13:31:23+00:00,mixed,Riyadh Region,Riyadh,24.840979,46.65364,synthetic
2026-05-09 13:12:03+00:00,drone,Eastern Region,Eastern Region,26.410625,50.141251,synthetic
2026-04-26 13:33:22+00:00,drone,Area-A,Riyadh,24.635883,46.775941,synthetic
2026-03-25 01:01:56+00:00,mixed,Al-Kharj,Al-Kharj,24.183084,47.270257,synthetic
2026-03-25 23:10:26+00:00,drone,Eastern Region,Eastern Region,26.431894,50.069731,synthetic
2026-03-25 18:18:59+00:00,drone,Eastern Region,Eastern Region,26.426644,50.130166,synthetic
2026-03-25 21:46:00+00:00,drone,Embassy District – Riyadh,Riyadh,24.740008,46.735819,synthetic
2026-03-25 04:32:43+00:00,drone,East of Kharj Governorate,Al-Kharj,24.120086,47.292147,synthetic
2025-11-02 12:40:44+00:00,mixed,Eastern Region,Eastern Region,26.518104,50.083947,synthetic
2025-11-02 12:15:32+00:00,drone,East of Al-Jouf Region,Al-Jouf,29.98411,40.201831,synthetic
2025-11-02 23:40:51+00:00,drone,East of Al-Jouf Region,Al-Jouf,30.046861,40.215914,synthetic
2025-11-02 10:56:30+00:00,drone,Riyadh,Riyadh,24.658812,46.770705,synthetic
2025-07-04 00:27:36+00:00,drone,Empty Quarter – Shaybah Field,Eastern Region,26.392657,50.100448,synthetic
2025-07-31 11:38:36+00:00,drone,East of Al-Jouf Region,Al-Jouf,30.010434,40.206733,synthetic
2026-04-10 03:22:07+00:00,drone,Eastern Region,Eastern Region,26.377869,50.121649,synthetic
2026-03-12 09:28:15+00:00,drone,Riyadh,Riyadh,24.713777,46.628096,synthetic
2025-11-05 21:08:28+00:00,mixed,Empty Quarter – Shaybah Field,Eastern Region,26.3653,50.114366,synthetic
2026-04-18 16:13:39+00:00,drone,Eastern Region,Eastern Region,26.481687,50.121957,synthetic
2026-03-19 13:43:32+00:00,drone,Eastern Region,Eastern Region,26.470047,50.129243,synthetic
2026-04-25 22:59:24+00:00,drone,North of Riyadh City,Riyadh,24.685569,46.64327,synthetic
2026-03-09 11:00:44+00:00,drone,Eastern Region,Eastern Region,26.412503,50.154529,synthetic
2025-11-05 16:14:33+00:00,mixed,Prince Sultan Air Base,Al-Kharj,24.102512,47.596797,synthetic
2025-11-01 04:38:02+00:00,drone,Empty Quarter – Shaybah Field,Eastern Region,26.444129,50.043241,synthetic
2025-09-21 17:13:49+00:00,drone,Eastern Region,Eastern Region,26.483516,50.107961,synthetic
2026-03-22 08:36:05+00:00,drone,East of Al-Jouf Region,Al-Jouf,29.942103,40.178738,synthetic
2026-01-27 11:25:40+00:00,drone,Eastern Region,Eastern Region,26.409343,50.103801,synthetic
2026-03-02 16:37:16+00:00,mixed,Eastern Region,Eastern Region,26.439244,50.110352,synthetic
2025-06-06 00:58:21+00:00,drone,Area-A,Riyadh,24.653507,46.727764,synthetic
2026-04-24 06:36:14+00:00,drone,Eastern Region,Eastern Region,26.457967,50.159772,synthetic
2026-03-02 23:43:40+00:00,drone,Eastern Region,Eastern Region,26.400678,50.198243,synthetic
2026-03-16 07:01:13+00:00,drone,Eastern Region,Eastern Region,26.4111,50.125905,synthetic
2026-03-28 18:07:23+00:00,drone,Empty Quarter – Shaybah Field,Eastern Region,26.468488,50.128346,synthetic
2026-04-08 08:44:47+00:00,drone,Eastern Region,Eastern Region,26.471288,50.121359,synthetic
2026-04-19 01:57:28+00:00,mixed,Yanbu,Yanbu,24.00606,38.061879,synthetic
2025-06-07 02:03:39+00:00,drone,Yanbu Petroleum Facility,Yanbu,24.119912,38.011861,synthetic
2026-04-01 04:29:36+00:00,mixed,East of Kharj Governorate,Al-Kharj,24.082821,47.343068,synthetic
2026-04-24 11:27:03+00:00,drone,Eastern Region,Eastern Region,26.436793,50.11393,synthetic
2025-09-14 07:28:23+00:00,drone,East of Al-Jouf Region,Al-Jouf,29.906992,40.262243,synthetic
2026-05-09 11:43:04+00:00,mixed,North of Riyadh City,Riyadh,24.728802,46.717961,synthetic
2025-12-12 19:49:42+00:00,mixed,Eastern Region,Eastern Region,26.451615,50.118091,synthetic
2025-12-12 17:00:07+00:00,drone,Eastern Region,Eastern Region,26.407337,50.136079,synthetic
2025-12-12 20:02:45+00:00,drone,Yanbu,Yanbu,24.107013,38.01882,synthetic
2026-03-02 15:49:36+00:00,mixed,Eastern Region,Eastern Region,26.492165,50.094937,synthetic
2025-07-12 04:56:22+00:00,drone,Eastern Region,Eastern Region,26.433074,50.097247,synthetic
2025-06-11 04:48:14+00:00,mixed,Riyadh,Riyadh,24.652753,46.697159,synthetic
2025-05-25 08:32:40+00:00,drone,Prince Sultan Air Base,Al-Kharj,23.985858,47.614319,synthetic
2025-11-24 17:27:01+00:00,drone,Riyadh,Riyadh,24.692241,46.741403,synthetic
2026-04-06 16:35:21+00:00,drone,Eastern Region,Eastern Region,26.373315,50.1468,synthetic
2026-05-18 21:06:50+00:00,drone,Yanbu Refinery,Yanbu,24.084217,38.057281,synthetic
2025-06-21 17:41:51+00:00,drone,Yanbu Refinery,Yanbu,24.111495,38.090095,synthetic
2025-05-21 09:02:48+00:00,mixed,Riyadh Airport,Riyadh,25.061203,46.659405,synthetic
2026-03-05 00:23:36+00:00,mixed,Gas facility – Eastern Region,Eastern Region,26.44223,50.04119,synthetic
2026-04-24 07:58:25+00:00,drone,Eastern Region,Eastern Region,26.420904,50.076616,synthetic
2026-03-26 01:08:39+00:00,mixed,Area-A,Riyadh,24.771496,46.703164,synthetic
2026-04-18 08:42:14+00:00,drone,Eastern Region,Eastern Region,26.377746,50.061969,synthetic
2026-03-01 17:32:40+00:00,drone,Eastern Region,Eastern Region,26.456015,50.154502,synthetic
2025-09-20 19:44:36+00:00,mixed,Yanbu Refinery,Yanbu,24.06537,38.095916,synthetic
2026-04-15 07:19:41+00:00,drone,Empty Quarter – Shaybah Field,Eastern Region,26.385083,50.099532,synthetic
2026-04-11 03:11:10+00:00,drone,Empty Quarter – Shaybah Field,Eastern Region,26.367462,50.080335,synthetic
2026-01-12 19:35:46+00:00,mixed,Empty Quarter – Shaybah Field,Eastern Region,26.369858,50.095487,synthetic
2025-10-01 14:24:27+00:00,drone,Eastern Region,Eastern Region,26.430283,50.132673,synthetic
2026-04-22 19:42:30+00:00,mixed,Yanbu Refinery,Yanbu,24.108972,38.108525,synthetic
2026-01-27 18:41:11+00:00,drone,Yanbu Refinery,Yanbu,24.157138,38.045799,synthetic
2025-09-14 09:08:19+00:00,drone,Ras Tanura Oil Refinery,Eastern Region,26.634867,50.242807,synthetic
2026-03-22 18:52:31+00:00,drone,Yanbu,Yanbu,24.071893,37.947299,synthetic
2025-11-14 08:57:01+00:00,drone,Eastern Region,Eastern Region,26.426773,50.141012,synthetic
2026-01-28 19:40:29+00:00,drone,Empty Quarter – Shaybah Field,Eastern Region,26.446557,50.086094,synthetic
2025-11-30 23:48:22+00:00,drone,Eastern Region,Eastern Region,26.421112,50.05686,synthetic
2026-04-18 08:03:08+00:00,mixed,Eastern Region,Eastern Region,26.40372,50.033938,synthetic
2025-10-15 08:50:49+00:00,drone,Eastern Region,Eastern Region,26.38934,50.086028,synthetic
2026-01-20 19:55:33+00:00,drone,Eastern Region,Eastern Region,26.422738,50.163023,synthetic
2026-03-01 10:12:50+00:00,drone,Empty Quarter – Shaybah Field,Eastern Region,26.391264,50.043729,synthetic
2026-05-02 09:26:10+00:00,mixed,Area-A,Riyadh,24.684808,46.630272,synthetic
2025-08-16 14:09:26+00:00,drone,Eastern Region,Eastern Region,26.436092,50.156977,synthetic
2026-03-14 10:40:41+00:00,drone,Riyadh Region,Riyadh,24.75812,46.621674,synthetic
2026-03-29 06:57:18+00:00,mixed,East of Kharj City,Al-Kharj,24.180274,47.369195,synthetic
2026-03-23 08:26:04+00:00,drone,Eastern Region,Eastern Region,26.496615,50.122483,synthetic
2026-05-12 10:15:36+00:00,mixed,Eastern Region,Eastern Region,26.380768,50.064212,synthetic
2026-04-04 20:34:28+00:00,mixed,East of Kharj Governorate,Al-Kharj,24.074996,47.360387,synthetic
2026-04-20 20:19:07+00:00,mixed,Prince Sultan Air Base,Al-Kharj,24.066957,47.573422,synthetic
2025-07-16 17:38:52+00:00,drone,Eastern Region,Eastern Region,26.403151,50.046217,synthetic
2026-03-01 03:11:26+00:00,drone,Riyadh,Riyadh,24.72459,46.603928,synthetic
2026-03-01 14:53:34+00:00,drone,Riyadh City – US Embassy,Riyadh,24.63183,46.674968,synthetic
2026-03-01 13:52:22+00:00,drone,Gas facility – Eastern Region,Eastern Region,26.468127,50.057202,synthetic
2026-03-01 08:39:19+00:00,drone,Eastern Region,Eastern Region,26.362785,50.082281,synthetic
2026-03-01 02:09:46+00:00,drone,Riyadh,Riyadh,24.702157,46.594082,synthetic
2025-09-20 17:47:33+00:00,drone,Eastern Region,Eastern Region,26.373993,50.102812,synthetic
2025-07-02 12:10:20+00:00,drone,Embassy District – Riyadh,Riyadh,24.659932,46.775906,synthetic
2025-08-23 21:31:41+00:00,drone,East of Kharj Governorate,Al-Kharj,24.109769,47.362407,synthetic
2026-02-18 11:08:18+00:00,drone,Riyadh,Riyadh,24.735776,46.682301,synthetic
2026-03-25 02:00:14+00:00,drone,Riyadh City – US Embassy,Riyadh,24.684685,46.706386,synthetic
2025-12-01 20:41:09+00:00,drone,Eastern Region,Eastern Region,26.371272,50.095287,synthetic
2025-11-19 22:54:52+00:00,mixed,Prince Sultan Air Base,Al-Kharj,23.96429,47.590313,synthetic
2026-03-02 23:31:45+00:00,mixed,Yanbu Refinery,Yanbu,24.126073,38.014716,synthetic
2026-04-29 13:49:19+00:00,drone,Eastern Region,Eastern Region,26.457487,50.093538,synthetic
2025-06-15 13:22:30+00:00,mixed,Riyadh,Riyadh,24.740279,46.623355,synthetic
2025-06-20 14:56:54+00:00,mixed,Riyadh Region,Riyadh,24.736764,46.667723,synthetic
2025-05-24 09:55:59+00:00,drone,North of Riyadh City,Riyadh,24.642463,46.655888,synthetic
2026-03-14 16:16:07+00:00,mixed,Eastern Region,Eastern Region,26.4264,50.184927,synthetic
2026-04-12 17:02:37+00:00,drone,Riyadh,Riyadh,24.655234,46.685041,synthetic
2025-07-13 16:27:20+00:00,drone,Yanbu Industrial City,Yanbu,24.024736,38.209683,synthetic
2026-03-25 15:59:13+00:00,mixed,Yanbu Petroleum Facility,Yanbu,24.119963,38.109468,synthetic
2026-05-02 06:40:24+00:00,drone,Riyadh Airport,Riyadh,24.940951,46.564445,synthetic
2025-06-25 08:40:26+00:00,drone,Prince Sultan Air Base,Al-Kharj,24.029212,47.61544,synthetic
2026-03-09 07:39:50+00:00,drone,Eastern Region,Eastern Region,26.479147,50.1523,synthetic
2026-04-25 18:03:58+00:00,drone,Riyadh,Riyadh,24.709834,46.676572,synthetic
2026-04-11 17:01:51+00:00,drone,Empty Quarter – Shaybah Field,Eastern Region,26.460247,50.066637,synthetic
2025-07-05 02:19:00+00:00,drone,Eastern Region,Eastern Region,26.467348,50.094471,synthetic
2025-11-14 15:33:25+00:00,drone,East of Al-Jouf Region,Al-Jouf,29.883263,40.147653,synthetic
2025-12-17 17:44:51+00:00,mixed,Yanbu Port,Yanbu,24.009453,38.004015,synthetic
2026-04-04 23:45:55+00:00,drone,Eastern Region,Eastern Region,26.466463,50.152211,synthetic
2025-08-10 16:46:49+00:00,mixed,East of Kharj Governorate,Al-Kharj,24.106435,47.366967,synthetic
2026-05-01 22:40:05+00:00,mixed,Riyadh,Riyadh,24.629278,46.68901,synthetic
2026-03-08 07:10:14+00:00,mixed,Area-A,Riyadh,24.641894,46.729895,synthetic
2026-04-22 06:08:13+00:00,drone,Eastern Region,Eastern Region,26.463206,50.113564,synthetic
2026-03-04 16:30:54+00:00,mixed,Eastern Region,Eastern Region,26.4676,50.147922,synthetic
2026-03-23 06:06:43+00:00,drone,Empty Quarter – Shaybah Field,Eastern Region,26.539955,50.005922,synthetic
2026-03-09 22:33:25+00:00,drone,Yanbu Refinery,Yanbu,24.194325,38.123133,synthetic
2025-08-02 16:07:00+00:00,drone,Eastern Region,Eastern Region,26.345126,50.14371,synthetic
2026-01-19 22:46:10+00:00,mixed,Prince Sultan Air Base,Al-Kharj,24.004956,47.535267,synthetic
2026-03-02 10:27:31+00:00,drone,Eastern Region,Eastern Region,26.444583,50.150534,synthetic
2026-01-14 07:43:33+00:00,drone,Yanbu Industrial City,Yanbu,24.117833,38.156132,synthetic
2026-02-18 08:56:56+00:00,drone,Hafr Al-Batin,Hafr Al-Batin,28.448956,45.962813,synthetic
2026-03-05 01:45:16+00:00,drone,Eastern Region,Eastern Region,26.492569,50.199544,synthetic
2026-03-31 11:42:01+00:00,mixed,Prince Sultan Air Base,Al-Kharj,24.06048,47.70579,synthetic
2025-12-17 02:32:13+00:00,mixed,Yanbu,Yanbu,24.123182,38.098158,synthetic
2025-06-28 11:01:08+00:00,drone,Eastern Region,Eastern Region,26.428591,50.212367,synthetic
2025-11-05 07:45:45+00:00,mixed,Riyadh City – US Embassy,Riyadh,24.718532,46.730769,synthetic
2025-05-31 23:17:44+00:00,drone,North of Riyadh City,Riyadh,24.6225,46.722568,synthetic
2026-04-25 01:31:14+00:00,drone,Eastern Region,Eastern Region,26.472399,50.089076,synthetic
2025-07-29 09:47:22+00:00,drone,Empty Quarter – Shaybah Field,Eastern Region,26.440921,50.099104,synthetic
2025-12-13 16:57:48+00:00,drone,Riyadh,Riyadh,24.731358,46.719995,synthetic
2026-04-15 09:57:32+00:00,drone,Empty Quarter – Shaybah Field,Eastern Region,26.397431,49.989224,synthetic
2026-04-12 20:46:51+00:00,mixed,Yanbu Port,Yanbu,24.081548,38.179457,synthetic
2025-12-05 08:01:25+00:00,mixed,Riyadh,Riyadh,24.704052,46.712537,synthetic
2025-06-28 02:44:27+00:00,drone,East of Al-Jouf Region,Al-Jouf,29.985533,40.226793,synthetic
2025-06-15 16:50:01+00:00,drone,Riyadh City – US Embassy,Riyadh,24.672391,46.696612,synthetic
2026-04-26 15:15:36+00:00,drone,Yanbu Refinery,Yanbu,24.132535,38.054758,synthetic
2025-09-04 00:22:09+00:00,drone,Yanbu Port,Yanbu,24.088066,38.096375,synthetic
2026-03-24 13:53:33+00:00,drone,Empty Quarter – Shaybah Field,Eastern Region,26.435925,50.00858,synthetic
2025-12-22 21:10:23+00:00,drone,Riyadh Airport,Riyadh,24.957611,46.680639,synthetic
2025-12-22 11:11:56+00:00,mixed,Yanbu Petroleum Facility,Yanbu,24.032918,38.011014,synthetic
2025-12-22 09:54:22+00:00,mixed,Prince Sultan Air Base,Al-Kharj,24.04084,47.524941,synthetic
2025-12-23 02:10:56+00:00,drone,Ras Tanura Oil Refinery,Eastern Region,26.645963,50.22433,synthetic
2026-03-09 02:30:09+00:00,drone,Eastern Region,Eastern Region,26.414041,50.07382,synthetic
2025-05-27 07:03:12+00:00,drone,Embassy District – Riyadh,Riyadh,24.678059,46.758388,synthetic
2026-03-08 00:17:59+00:00,mixed,Yanbu Industrial City,Yanbu,24.114025,38.158932,synthetic
2025-06-07 06:55:02+00:00,mixed,East of Kharj Governorate,Al-Kharj,24.110123,47.389395,synthetic
2025-06-07 13:39:48+00:00,mixed,Empty Quarter – Shaybah Field,Eastern Region,26.43852,50.051029,synthetic
2025-06-07 05:32:12+00:00,drone,Riyadh,Riyadh,24.755512,46.647928,synthetic
2025-06-07 03:54:26+00:00,mixed,Riyadh Region,Riyadh,24.838195,46.67858,synthetic
2025-11-15 09:58:11+00:00,drone,East of Kharj Governorate,Al-Kharj,24.128236,47.350135,synthetic
2025-10-22 00:54:44+00:00,mixed,Prince Sultan Air Base,Al-Kharj,24.111258,47.645556,synthetic
2025-07-11 21:45:28+00:00,mixed,Eastern Region,Eastern Region,26.427828,50.062207,synthetic
2025-07-11 13:13:33+00:00,mixed,East of Kharj Governorate,Al-Kharj,24.154393,47.31889,synthetic
2025-07-11 11:19:14+00:00,drone,Prince Sultan Air Base,Al-Kharj,24.071532,47.518402,synthetic
2026-04-13 07:18:47+00:00,drone,Eastern Region,Eastern Region,26.414473,50.167145,synthetic
2026-03-19 16:39:48+00:00,drone,Yanbu Port,Yanbu,23.997384,38.092708,synthetic
2025-09-09 12:49:30+00:00,drone,Eastern Region,Eastern Region,26.390144,50.112824,synthetic
2025-05-28 12:35:22+00:00,drone,Empty Quarter – Shaybah Field,Eastern Region,26.370089,50.065103,synthetic
2026-01-17 20:39:29+00:00,drone,Eastern Region,Eastern Region,26.46659,50.128963,synthetic
2025-06-14 04:19:32+00:00,drone,Riyadh,Riyadh,24.663424,46.721044,synthetic
2026-01-10 07:59:59+00:00,mixed,Eastern Region,Eastern Region,26.489038,50.120755,synthetic
2026-01-10 12:24:26+00:00,drone,Eastern Region,Eastern Region,26.489482,50.127436,synthetic
2026-01-10 05:14:20+00:00,drone,Eastern Region,Eastern Region,26.444865,50.165997,synthetic
2026-01-10 01:22:39+00:00,drone,Eastern Region,Eastern Region,26.380045,50.190285,synthetic
2026-05-02 07:38:46+00:00,drone,Eastern Region,Eastern Region,26.377914,50.148707,synthetic
2025-08-27 07:03:01+00:00,mixed,Yanbu Refinery,Yanbu,24.105839,38.069647,synthetic
2025-11-02 04:22:29+00:00,mixed,Al-Kharj,Al-Kharj,24.203607,47.318463,synthetic
2025-10-31 05:54:34+00:00,drone,Empty Quarter – Shaybah Field,Eastern Region,26.411354,50.140252,synthetic
2025-07-29 00:16:27+00:00,mixed,Riyadh,Riyadh,24.732076,46.722613,synthetic
2025-12-19 09:15:30+00:00,drone,Eastern Region,Eastern Region,26.414795,50.049994,synthetic
2025-12-19 00:05:40+00:00,drone,Eastern Region,Eastern Region,26.413347,50.092634,synthetic
2026-03-09 22:49:43+00:00,drone,Riyadh City – US Embassy,Riyadh,24.678159,46.693677,synthetic
2025-09-29 18:04:38+00:00,drone,Empty Quarter – Shaybah Field,Eastern Region,26.434923,50.108704,synthetic
2026-03-03 15:20:55+00:00,drone,Eastern Region,Eastern Region,26.444591,50.166257,synthetic
2026-03-01 20:33:29+00:00,mixed,Al-Kharj,Al-Kharj,24.237558,47.313019,synthetic
2026-04-06 05:42:45+00:00,drone,Eastern Region,Eastern Region,26.377645,50.105843,synthetic
2026-03-08 01:35:57+00:00,mixed,Eastern Region,Eastern Region,26.430965,50.075122,synthetic
2026-03-08 05:38:40+00:00,mixed,Eastern Region,Eastern Region,26.511371,50.207138,synthetic
2026-03-28 03:51:43+00:00,mixed,Riyadh Region,Riyadh,24.741341,46.642011,synthetic
2025-08-01 13:11:45+00:00,drone,Yanbu Petroleum Facility,Yanbu,24.03671,38.151195,synthetic
2026-04-01 14:04:11+00:00,drone,Eastern Region,Eastern Region,26.252935,50.126324,synthetic
2025-06-12 13:44:40+00:00,drone,Eastern Region,Eastern Region,26.504219,50.086029,synthetic
2025-10-11 03:17:51+00:00,mixed,Al-Kharj,Al-Kharj,24.215072,47.279016,synthetic
2026-05-12 23:08:34+00:00,drone,Riyadh,Riyadh,24.704158,46.761764,synthetic
2025-08-20 09:33:32+00:00,mixed,Eastern Region,Eastern Region,26.461172,50.157691,synthetic
2025-07-19 20:59:38+00:00,drone,Empty Quarter – Shaybah Field,Eastern Region,26.44465,50.080435,synthetic
2026-05-04 07:39:59+00:00,drone,Yanbu Port,Yanbu,24.078294,38.12845,synthetic
2026-04-18 09:45:49+00:00,drone,Eastern Region,Eastern Region,26.489514,50.093359,synthetic
2026-03-02 10:21:04+00:00,mixed,Empty Quarter – Shaybah Field,Eastern Region,26.378529,50.135262,synthetic
2026-03-18 09:07:11+00:00,drone,Ras Tanura Oil Refinery,Eastern Region,26.69119,50.282109,synthetic
2026-04-29 05:13:40+00:00,mixed,Yanbu,Yanbu,24.085556,38.056819,synthetic
2026-04-04 18:51:44+00:00,mixed,Prince Sultan Air Base,Al-Kharj,24.051232,47.582187,synthetic
2026-01-12 08:50:51+00:00,mixed,Eastern Region,Eastern Region,26.500299,50.125744,synthetic
2026-05-07 19:51:30+00:00,drone,Empty Quarter – Shaybah Field,Eastern Region,26.381841,50.076305,synthetic
2026-03-01 12:46:47+00:00,mixed,East of Kharj Governorate,Al-Kharj,24.17095,47.3035,synthetic
2025-06-14 00:45:55+00:00,drone,Eastern Region,Eastern Region,26.413214,50.144721,synthetic
2026-03-22 19:01:43+00:00,mixed,Prince Sultan Air Base,Al-Kharj,24.047152,47.590087,synthetic
2025-12-06 05:19:55+00:00,drone,Riyadh,Riyadh,24.76583,46.771482,synthetic
2026-03-18 17:20:52+00:00,mixed,Prince Sultan Air Base,Al-Kharj,24.067015,47.602782,synthetic
2026-04-05 08:39:05+00:00,drone,Eastern Region,Eastern Region,26.371539,50.040957,synthetic
2026-01-17 09:25:54+00:00,drone,Yanbu Petroleum Facility,Yanbu,24.146987,38.053296,synthetic
2025-08-02 23:52:41+00:00,drone,Prince Sultan Air Base,Al-Kharj,24.003358,47.678473,synthetic
2025-07-30 17:47:29+00:00,mixed,Riyadh,Riyadh,24.78148,46.761402,synthetic
2026-03-28 22:12:04+00:00,drone,Empty Quarter – Shaybah Field,Eastern Region,26.383792,50.036465,synthetic
2026-03-28 15:53:30+00:00,mixed,Riyadh,Riyadh,24.787823,46.71294,synthetic
2026-03-16 11:04:44+00:00,drone,East of Al-Jouf Region,Al-Jouf,29.988496,40.154904,synthetic
2026-01-24 23:37:19+00:00,mixed,Embassy District – Riyadh,Riyadh,24.69653,46.772129,synthetic
2026-03-30 02:54:42+00:00,drone,Eastern Region,Eastern Region,26.45764,50.154121,synthetic
2025-12-20 00:45:43+00:00,drone,Riyadh,Riyadh,24.694432,46.653763,synthetic
2026-04-30 05:13:08+00:00,drone,Eastern Region,Eastern Region,26.347353,50.191033,synthetic
2025-06-28 22:29:11+00:00,mixed,East of Kharj Governorate,Al-Kharj,24.183182,47.386527,synthetic
2025-12-30 09:38:30+00:00,drone,Eastern Region,Eastern Region,26.418986,50.141668,synthetic
2025-09-20 00:52:06+00:00,mixed,Empty Quarter – Shaybah Field,Eastern Region,26.348686,50.020485,synthetic
2025-08-22 17:53:32+00:00,drone,Eastern Region,Eastern Region,26.379556,50.068613,synthetic
2026-04-25 09:59:37+00:00,mixed,Yanbu,Yanbu,24.015598,38.069175,synthetic
2026-03-07 17:51:17+00:00,mixed,Kharj Governorate,Al-Kharj,24.080942,47.434691,synthetic
2025-05-21 16:29:45+00:00,drone,Hafr Al-Batin,Hafr Al-Batin,28.402387,45.912715,synthetic
2026-03-06 00:09:24+00:00,drone,Eastern Region,Eastern Region,26.455653,50.087317,synthetic
2026-01-03 04:52:30+00:00,drone,Riyadh Airport,Riyadh,24.914739,46.676325,synthetic
2026-04-14 04:08:20+00:00,drone,East of Al-Jouf Region,Al-Jouf,29.887669,40.200527,synthetic
2026-03-28 16:05:35+00:00,drone,East of Kharj Governorate,Al-Kharj,24.20393,47.3825,synthetic
2026-03-29 04:39:57+00:00,drone,Yanbu Industrial City,Yanbu,23.990377,38.220993,synthetic
2025-11-14 19:14:53+00:00,mixed,Riyadh,Riyadh,24.683087,46.663648,synthetic
2025-07-17 20:14:32+00:00,mixed,Riyadh Airport,Riyadh,24.887199,46.623384,synthetic
2025-12-14 16:06:18+00:00,drone,Prince Sultan Air Base,Al-Kharj,24.016409,47.63557,synthetic
2026-04-18 13:42:45+00:00,mixed,Yanbu Petroleum Facility,Yanbu,24.117615,37.992602,synthetic
2025-07-11 06:46:44+00:00,drone,Riyadh Region,Riyadh,24.784092,46.608499,synthetic
2026-04-05 19:17:24+00:00,drone,Eastern Region,Eastern Region,26.330834,50.091107,synthetic
2026-04-05 13:09:29+00:00,mixed,Riyadh,Riyadh,24.707524,46.718034,synthetic
2026-04-05 23:27:16+00:00,drone,Eastern Region,Eastern Region,26.406493,50.155314,synthetic
2026-04-05 16:45:41+00:00,drone,Eastern Region,Eastern Region,26.378931,50.030869,synthetic
2026-01-12 09:30:05+00:00,drone,Eastern Region,Eastern Region,26.434185,50.114459,synthetic
2025-12-03 13:46:03+00:00,drone,Eastern Region,Eastern Region,26.385531,50.104758,synthetic
2025-08-17 05:45:11+00:00,mixed,Prince Sultan Air Base,Al-Kharj,23.946236,47.559099,synthetic
2025-12-29 19:18:12+00:00,mixed,Riyadh,Riyadh,24.817421,46.635366,synthetic
2025-11-29 13:38:47+00:00,drone,Empty Quarter – Shaybah Field,Eastern Region,26.404821,50.043335,synthetic
2025-11-29 15:32:37+00:00,drone,Riyadh Region,Riyadh,24.842099,46.580989,synthetic
2025-11-29 10:54:30+00:00,mixed,Prince Sultan Air Base,Al-Kharj,24.027947,47.592203,synthetic
2025-06-23 12:46:59+00:00,drone,Ras Tanura Oil Refinery,Eastern Region,26.654916,50.192209,synthetic
2025-06-29 06:34:09+00:00,drone,Eastern Region,Eastern Region,26.460884,50.157132,synthetic
2025-12-16 15:17:57+00:00,drone,Ras Tanura Oil Refinery,Eastern Region,26.684708,50.218648,synthetic
2025-12-16 07:42:57+00:00,drone,Prince Sultan Air Base,Al-Kharj,23.928165,47.578836,synthetic
2025-12-16 18:19:01+00:00,mixed,East of Kharj Governorate,Al-Kharj,24.130262,47.318954,synthetic
2025-12-16 21:42:43+00:00,mixed,Empty Quarter – Shaybah Field,Eastern Region,26.358883,49.992003,synthetic
2025-07-13 03:51:32+00:00,drone,East of Al-Jouf Region,Al-Jouf,29.96048,40.214598,synthetic
2025-11-02 13:41:23+00:00,drone,Eastern Region,Eastern Region,26.429232,50.175915,synthetic
2025-09-28 02:29:32+00:00,mixed,Riyadh Region,Riyadh,24.716795,46.586905,synthetic
2025-11-22 01:57:31+00:00,drone,Eastern Region,Eastern Region,26.402838,50.094899,synthetic
2026-04-20 06:39:19+00:00,drone,Eastern Region,Eastern Region,26.537901,50.207337,synthetic
2026-04-13 16:45:55+00:00,mixed,Yanbu Refinery,Yanbu,24.088553,38.04186,synthetic
2025-06-14 00:29:34+00:00,drone,Area-A,Riyadh,24.706431,46.661544,synthetic
2025-08-17 02:08:20+00:00,drone,Eastern Region,Eastern Region,26.367055,50.142834,synthetic
2025-12-09 12:21:25+00:00,drone,Eastern Region,Eastern Region,26.349398,50.161431,synthetic
2026-03-17 10:57:19+00:00,drone,Empty Quarter – Shaybah Field,Eastern Region,26.416159,50.120262,synthetic
2025-12-03 14:03:19+00:00,drone,Ras Tanura Oil Refinery,Eastern Region,26.652725,50.201149,synthetic
2025-10-23 05:37:33+00:00,drone,Eastern Region,Eastern Region,26.473598,50.09674,synthetic
2026-03-03 17:26:33+00:00,drone,Yanbu Petroleum Facility,Yanbu,24.015929,38.162958,synthetic
2025-07-12 01:08:56+00:00,mixed,Riyadh Region,Riyadh,24.679426,46.587244,synthetic
2026-03-26 16:58:43+00:00,drone,Riyadh Airport,Riyadh,25.007196,46.662803,synthetic
2026-04-25 06:24:18+00:00,mixed,Al-Kharj,Al-Kharj,24.071354,47.244286,synthetic
2026-04-23 05:57:19+00:00,drone,Yanbu Port,Yanbu,24.150286,38.13264,synthetic
2026-01-31 21:44:00+00:00,mixed,Riyadh City – US Embassy,Riyadh,24.744269,46.707161,synthetic
2026-03-31 20:21:43+00:00,drone,Eastern Region,Eastern Region,26.37748,50.131899,synthetic
2025-06-14 03:40:32+00:00,mixed,Eastern Region,Eastern Region,26.398811,50.121334,synthetic
2026-03-30 20:20:48+00:00,drone,Empty Quarter – Shaybah Field,Eastern Region,26.394679,50.168943,synthetic
2026-04-28 08:04:34+00:00,drone,Eastern Region,Eastern Region,26.414754,50.10069,synthetic
2025-10-07 07:42:08+00:00,drone,Eastern Region,Eastern Region,26.420639,50.203948,synthetic
2025-11-21 21:10:50+00:00,drone,Eastern Region,Eastern Region,26.429428,50.091821,synthetic
2025-10-11 16:38:33+00:00,drone,East of Kharj Governorate,Al-Kharj,24.170005,47.418229,synthetic
2025-09-13 19:32:55+00:00,mixed,Riyadh Region,Riyadh,24.728307,46.715714,synthetic
2026-01-01 22:38:43+00:00,drone,Eastern Region,Eastern Region,26.417272,50.09969,synthetic
2026-01-01 01:23:45+00:00,drone,Eastern Region,Eastern Region,26.410991,50.19022,synthetic
2025-08-02 01:21:34+00:00,drone,Eastern Region,Eastern Region,26.454858,50.090334,synthetic
2025-09-22 16:43:40+00:00,mixed,Empty Quarter – Shaybah Field,Eastern Region,26.384964,50.052788,synthetic
2025-09-22 10:46:11+00:00,drone,Empty Quarter – Shaybah Field,Eastern Region,26.412526,50.124181,synthetic
2025-05-29 20:23:21+00:00,drone,Riyadh City – US Embassy,Riyadh,24.78812,46.791317,synthetic
2025-07-26 09:52:15+00:00,mixed,Prince Sultan Air Base,Al-Kharj,24.05321,47.576915,synthetic
2025-07-16 07:02:45+00:00,mixed,Riyadh Region,Riyadh,24.763896,46.651992,synthetic
2025-06-10 06:11:26+00:00,mixed,Eastern Region,Eastern Region,26.454648,50.162488,synthetic
2025-07-23 13:35:18+00:00,mixed,Riyadh,Riyadh,24.821759,46.571556,synthetic
2026-02-27 22:24:37+00:00,mixed,Riyadh,Riyadh,24.69543,46.66215,synthetic
2026-03-18 21:22:14+00:00,drone,Riyadh,Riyadh,24.652718,46.603302,synthetic
2025-09-13 07:01:08+00:00,mixed,Yanbu Port,Yanbu,24.008469,37.984773,synthetic
2025-10-18 03:42:40+00:00,drone,Eastern Region,Eastern Region,26.460413,50.243983,synthetic
2026-03-03 19:39:17+00:00,drone,Eastern Region,Eastern Region,26.431996,50.19067,synthetic
2026-03-03 05:04:23+00:00,mixed,East of Kharj Governorate,Al-Kharj,24.113197,47.273148,synthetic
2026-03-03 03:13:25+00:00,drone,Eastern Region,Eastern Region,26.387501,50.127817,synthetic
2026-03-03 18:59:01+00:00,drone,East of Al-Jouf Region,Al-Jouf,29.878019,40.358081,synthetic
2026-04-02 17:20:47+00:00,drone,Eastern Region,Eastern Region,26.47448,50.041707,synthetic
2025-06-12 02:31:36+00:00,mixed,Eastern Region,Eastern Region,26.461631,50.061996,synthetic
2026-03-20 23:03:55+00:00,drone,Eastern Region,Eastern Region,26.419645,50.178574,synthetic
2025-06-02 00:31:13+00:00,drone,East of Al-Jouf Region,Al-Jouf,29.860997,40.210694,synthetic
2025-09-24 22:26:45+00:00,mixed,East of Kharj Governorate,Al-Kharj,24.168852,47.383176,synthetic
2026-03-16 07:29:01+00:00,mixed,Eastern Region,Eastern Region,26.430396,50.152559,synthetic
2026-04-13 16:37:38+00:00,drone,Eastern Region,Eastern Region,26.395775,50.048397,synthetic
2025-11-15 00:01:50+00:00,mixed,Eastern Region,Eastern Region,26.433841,50.117576,synthetic
2025-11-13 15:26:35+00:00,mixed,Yanbu Industrial City,Yanbu,23.965683,38.147231,synthetic
2025-09-10 23:33:35+00:00,mixed,Area-A,Riyadh,24.779981,46.69054,synthetic
2025-08-10 04:03:57+00:00,drone,Area-A,Riyadh,24.739038,46.682622,synthetic
2026-03-03 02:28:52+00:00,mixed,Prince Sultan Air Base,Al-Kharj,24.061481,47.58765,synthetic
2026-04-27 10:30:07+00:00,mixed,Empty Quarter – Shaybah Field,Eastern Region,26.354992,49.973171,synthetic
2025-10-28 20:39:21+00:00,drone,Yanbu Port,Yanbu,24.017603,38.141867,synthetic
2025-11-27 05:23:15+00:00,drone,Eastern Region,Eastern Region,26.459792,50.221539,synthetic
2025-10-07 22:55:15+00:00,mixed,Prince Sultan Air Base,Al-Kharj,24.047675,47.576931,synthetic
2025-06-05 02:05:03+00:00,drone,Eastern Region,Eastern Region,26.39451,50.135862,synthetic
2025-09-13 11:07:27+00:00,drone,Eastern Region,Eastern Region,26.461633,50.110445,synthetic
2026-03-18 17:38:40+00:00,mixed,North of Riyadh City,Riyadh,24.617357,46.713253,synthetic
2026-01-26 06:45:29+00:00,drone,Empty Quarter – Shaybah Field,Eastern Region,26.387932,50.134851,synthetic
2025-06-06 16:17:59+00:00,mixed,Riyadh,Riyadh,24.79584,46.720096,synthetic
2025-07-24 11:18:55+00:00,drone,Eastern Region,Eastern Region,26.41736,50.149602,synthetic
2026-04-13 18:27:55+00:00,drone,Riyadh Region,Riyadh,24.630436,46.644742,synthetic
2025-06-09 08:36:14+00:00,drone,Eastern Region,Eastern Region,26.49053,50.074983,synthetic
2025-11-25 00:00:01+00:00,drone,East of Kharj Governorate,Al-Kharj,24.208705,47.382326,synthetic
2026-04-14 18:18:10+00:00,mixed,Al-Kharj,Al-Kharj,24.173445,47.234592,synthetic
2025-10-13 19:23:52+00:00,drone,Empty Quarter – Shaybah Field,Eastern Region,26.450405,50.066726,synthetic
2026-03-05 18:40:15+00:00,mixed,North of Riyadh City,Riyadh,24.711015,46.68437,synthetic
2025-06-29 23:11:38+00:00,drone,Eastern Region,Eastern Region,26.459371,50.151015,synthetic
2026-03-24 14:29:19+00:00,drone,Eastern Region,Eastern Region,26.45461,50.23053,synthetic
2026-05-04 13:06:35+00:00,mixed,Yanbu,Yanbu,24.121689,38.065134,synthetic
2026-03-25 19:34:22+00:00,drone,Riyadh,Riyadh,24.669139,46.577738,synthetic
2025-12-27 05:59:57+00:00,drone,Eastern Region,Eastern Region,26.373278,49.99792,synthetic
2026-04-04 05:22:30+00:00,drone,Eastern Region,Eastern Region,26.365518,50.116879,synthetic
2025-12-27 00:10:57+00:00,drone,Riyadh,Riyadh,24.657849,46.677729,synthetic
2025-11-08 23:25:00+00:00,mixed,Eastern Region,Eastern Region,26.459622,50.238668,synthetic
2026-03-19 03:01:04+00:00,mixed,East of Kharj Governorate,Al-Kharj,24.252517,47.381874,synthetic
2026-03-17 01:23:26+00:00,drone,Empty Quarter – Shaybah Field,Eastern Region,26.441262,50.138042,synthetic
2026-05-16 02:40:22+00:00,drone,Empty Quarter – Shaybah Field,Eastern Region,26.356831,50.073124,synthetic
2026-05-16 21:42:19+00:00,mixed,Area-A,Riyadh,24.755763,46.709686,synthetic
2026-05-16 19:36:29+00:00,mixed,East of Kharj Governorate,Al-Kharj,24.27096,47.370184,synthetic
2026-05-16 16:11:46+00:00,drone,Ras Tanura Oil Refinery,Eastern Region,26.694089,50.25493,synthetic
2026-03-10 23:59:52+00:00,mixed,Riyadh,Riyadh,24.684351,46.64013,synthetic
2026-02-20 12:09:44+00:00,mixed,Riyadh City – US Embassy,Riyadh,24.778129,46.588823,synthetic
2025-05-26 14:33:12+00:00,drone,Eastern Region,Eastern Region,26.446004,50.064292,synthetic
2026-03-03 12:38:56+00:00,drone,Eastern Region,Eastern Region,26.564183,50.102829,synthetic
2026-04-19 16:43:20+00:00,mixed,Eastern Region,Eastern Region,26.481235,50.095766,synthetic
2026-03-26 06:35:47+00:00,drone,Riyadh Airport,Riyadh,24.911009,46.62021,synthetic
2026-03-26 22:21:19+00:00,mixed,Prince Sultan Air Base,Al-Kharj,24.00556,47.582795,synthetic
2026-03-26 23:21:26+00:00,mixed,Area-A,Riyadh,24.714533,46.652803,synthetic
2026-03-26 08:50:14+00:00,drone,Eastern Region,Eastern Region,26.43074,50.060469,synthetic
2026-03-26 13:45:29+00:00,drone,Prince Sultan Air Base,Al-Kharj,24.070288,47.632422,synthetic
2025-07-24 23:22:46+00:00,mixed,Riyadh Region,Riyadh,24.734858,46.71055,synthetic
2026-05-18 05:35:04+00:00,mixed,Yanbu Industrial City,Yanbu,24.128175,38.230335,synthetic
2026-04-18 04:06:17+00:00,mixed,Prince Sultan Air Base,Al-Kharj,24.016172,47.608315,synthetic
2025-12-07 10:52:45+00:00,mixed,Yanbu,Yanbu,24.057477,38.132758,synthetic
2026-01-04 17:59:10+00:00,mixed,Yanbu Industrial City,Yanbu,24.014995,38.244696,synthetic
2025-11-22 01:41:29+00:00,mixed,Prince Sultan Air Base,Al-Kharj,24.079463,47.568705,synthetic
2026-04-23 13:10:19+00:00,mixed,Eastern Region,Eastern Region,26.399528,50.105573,synthetic
2025-08-06 10:46:15+00:00,mixed,Yanbu,Yanbu,24.021262,38.022053,synthetic
2025-08-11 19:25:38+00:00,drone,Empty Quarter – Shaybah Field,Eastern Region,26.461324,50.017115,synthetic
2025-10-18 18:34:06+00:00,drone,Eastern Region,Eastern Region,26.425269,50.054691,synthetic
2025-07-06 23:19:45+00:00,drone,Eastern Region,Eastern Region,26.436564,50.083881,synthetic
2026-03-20 10:21:52+00:00,drone,Yanbu Petroleum Facility,Yanbu,24.030859,38.145073,synthetic
2025-07-26 21:06:52+00:00,drone,Eastern Region,Eastern Region,26.36087,50.092948,synthetic
2026-04-17 11:40:04+00:00,mixed,Area-A,Riyadh,24.635806,46.671992,synthetic
2026-03-28 01:59:38+00:00,drone,Hafr Al-Batin,Hafr Al-Batin,28.438284,45.989632,synthetic
2026-04-11 04:31:53+00:00,drone,Riyadh Airport,Riyadh,24.991343,46.705392,synthetic
2026-03-14 20:45:12+00:00,drone,Eastern Region,Eastern Region,26.480866,50.13855,synthetic
2025-11-02 21:09:17+00:00,drone,Hafr Al-Batin,Hafr Al-Batin,28.488561,45.973944,synthetic
2025-05-31 04:30:55+00:00,drone,Eastern Region,Eastern Region,26.435099,50.154506,synthetic
2025-05-20 18:00:10+00:00,drone,Riyadh Airport,Riyadh,24.940819,46.653983,synthetic
2025-12-20 12:15:04+00:00,mixed,Prince Sultan Air Base,Al-Kharj,24.077443,47.580844,synthetic
2026-03-26 14:12:14+00:00,mixed,Riyadh Region,Riyadh,24.78921,46.718968,synthetic
2026-03-19 09:16:33+00:00,mixed,Riyadh Region,Riyadh,24.724485,46.666864,synthetic
2025-12-12 01:49:00+00:00,drone,Gas facility – Eastern Region,Eastern Region,26.518077,50.050654,synthetic
2026-04-13 00:42:07+00:00,drone,East of Al-Jouf Region,Al-Jouf,30.021739,40.196248,synthetic
2026-04-29 09:19:04+00:00,mixed,Prince Sultan Air Base,Al-Kharj,23.937921,47.606864,synthetic
2025-08-25 14:33:46+00:00,mixed,Eastern Region,Eastern Region,26.402085,50.148188,synthetic
2025-06-30 07:03:31+00:00,drone,Prince Sultan Air Base,Al-Kharj,23.976306,47.604696,synthetic
2026-04-03 14:03:14+00:00,mixed,Yanbu Refinery,Yanbu,24.112149,38.148572,synthetic
2026-03-01 14:55:34+00:00,drone,East of Al-Jouf Region,Al-Jouf,29.944534,40.196638,synthetic
2026-03-21 04:12:35+00:00,drone,Riyadh,Riyadh,24.659154,46.739785,synthetic
2025-06-09 02:26:35+00:00,drone,Eastern Region,Eastern Region,26.413087,50.077229,synthetic
2026-01-17 02:26:04+00:00,mixed,Prince Sultan Air Base,Al-Kharj,23.97117,47.615332,synthetic
2025-07-26 11:03:03+00:00,drone,Riyadh Region,Riyadh,24.763558,46.644314,synthetic
2026-01-25 03:02:44+00:00,mixed,East of Kharj Governorate,Al-Kharj,24.123721,47.364113,synthetic
2026-03-21 07:12:00+00:00,drone,Eastern Region,Eastern Region,26.367129,50.077299,synthetic
2025-12-05 10:54:45+00:00,mixed,Eastern Region,Eastern Region,26.356091,50.20518,synthetic
2025-09-19 18:11:57+00:00,drone,East of Kharj City,Al-Kharj,24.044087,47.329871,synthetic
2026-03-27 18:44:11+00:00,drone,Empty Quarter – Shaybah Field,Eastern Region,26.477487,50.088798,synthetic
2025-09-10 18:16:07+00:00,drone,Eastern Region,Eastern Region,26.345574,50.007418,synthetic
2025-06-13 22:06:01+00:00,drone,Yanbu Refinery,Yanbu,24.157642,38.077453,synthetic
2026-03-15 10:14:27+00:00,drone,Eastern Region,Eastern Region,26.521364,50.178667,synthetic
2026-04-21 22:28:18+00:00,drone,East of Kharj Governorate,Al-Kharj,24.121417,47.460388,synthetic
2025-11-16 13:35:43+00:00,drone,East of Al-Jouf Region,Al-Jouf,29.949158,40.225807,synthetic
2026-04-19 21:15:58+00:00,drone,Eastern Region,Eastern Region,26.381132,50.0829,synthetic
2025-08-27 13:07:45+00:00,mixed,Prince Sultan Air Base,Al-Kharj,23.873649,47.575193,synthetic
2026-03-19 19:09:39+00:00,drone,Yanbu,Yanbu,24.073316,38.009445,synthetic
2026-03-11 05:38:20+00:00,drone,Area-A,Riyadh,24.748234,46.754384,synthetic
2026-05-09 09:41:03+00:00,mixed,Ras Tanura Oil Refinery,Eastern Region,26.673548,50.262561,synthetic
2026-01-14 17:11:00+00:00,drone,Riyadh,Riyadh,24.717362,46.734879,synthetic
2026-03-29 12:44:10+00:00,mixed,Riyadh Region,Riyadh,24.808982,46.570665,synthetic
2025-09-17 16:06:12+00:00,drone,Prince Sultan Air Base,Al-Kharj,23.943799,47.585387,synthetic
2026-04-04 06:21:09+00:00,drone,Ras Tanura Oil Refinery,Eastern Region,26.630183,50.188401,synthetic
2025-12-17 14:35:22+00:00,drone,Empty Quarter – Shaybah Field,Eastern Region,26.419109,50.048557,synthetic
2026-05-05 15:17:59+00:00,drone,Eastern Region,Eastern Region,26.455416,50.094055,synthetic
2026-04-08 23:58:05+00:00,mixed,East of Kharj Governorate,Al-Kharj,24.018484,47.349408,synthetic
2026-05-06 08:59:29+00:00,drone,Eastern Region,Eastern Region,26.417664,50.197764,synthetic
2026-04-17 20:49:14+00:00,drone,Eastern Region,Eastern Region,26.425701,50.11044,synthetic
2025-07-08 11:57:23+00:00,drone,Empty Quarter – Shaybah Field,Eastern Region,26.372952,50.135855,synthetic
2026-03-28 01:51:09+00:00,drone,Eastern Region,Eastern Region,26.403147,50.057815,synthetic
2025-09-02 06:47:04+00:00,drone,Al-Kharj,Al-Kharj,24.150077,47.249345,synthetic
2025-09-26 17:12:40+00:00,mixed,Riyadh,Riyadh,24.778624,46.669219,synthetic
2026-01-12 03:20:37+00:00,mixed,Prince Sultan Air Base,Al-Kharj,24.016653,47.58241,synthetic
2025-11-29 04:26:08+00:00,mixed,East of Kharj City,Al-Kharj,24.075754,47.396246,synthetic
2026-03-19 00:12:52+00:00,mixed,East of Kharj Governorate,Al-Kharj,24.168445,47.417386,synthetic
2026-04-12 13:55:52+00:00,drone,Riyadh Region,Riyadh,24.751161,46.635717,synthetic
2026-01-01 14:00:44+00:00,drone,Yanbu,Yanbu,24.140617,38.08413,synthetic
2025-06-09 00:24:00+00:00,drone,Eastern Region,Eastern Region,26.417741,50.140856,synthetic
2025-09-28 02:50:21+00:00,drone,Riyadh,Riyadh,24.751455,46.676462,synthetic
2025-10-03 15:34:42+00:00,drone,Eastern Region,Eastern Region,26.378994,50.090587,synthetic
2025-11-01 17:55:47+00:00,mixed,Empty Quarter – Shaybah Field,Eastern Region,26.459032,50.136465,synthetic
2025-06-30 19:01:23+00:00,drone,Riyadh,Riyadh,24.801071,46.781993,synthetic
2025-06-21 18:43:55+00:00,mixed,Riyadh,Riyadh,24.791305,46.790077,synthetic
2025-12-05 18:46:05+00:00,drone,Riyadh,Riyadh,24.667042,46.703953,synthetic
2025-06-06 04:53:25+00:00,drone,Eastern Region,Eastern Region,26.486047,50.182056,synthetic
2025-12-27 07:03:38+00:00,mixed,Empty Quarter – Shaybah Field,Eastern Region,26.380335,50.146924,synthetic
2026-03-21 23:30:48+00:00,mixed,Embassy District – Riyadh,Riyadh,24.758679,46.723031,synthetic
2026-03-11 20:22:20+00:00,mixed,Eastern Region,Eastern Region,26.484887,50.137063,synthetic
2025-12-20 15:28:06+00:00,drone,Eastern Region,Eastern Region,26.46756,50.050743,synthetic
2026-04-11 12:17:02+00:00,drone,Eastern Region,Eastern Region,26.381358,50.228623,synthetic
2026-05-08 06:34:28+00:00,drone,Eastern Region,Eastern Region,26.446563,50.177801,synthetic
2026-05-08 04:20:56+00:00,drone,Eastern Region,Eastern Region,26.443407,50.195047,synthetic
2026-05-08 19:14:13+00:00,drone,Ras Tanura Oil Refinery,Eastern Region,26.633213,50.196034,synthetic
2025-06-03 20:55:49+00:00,drone,Empty Quarter – Shaybah Field,Eastern Region,26.465015,50.168359,synthetic
2026-03-18 11:03:53+00:00,drone,Empty Quarter – Shaybah Field,Eastern Region,26.448212,50.107543,synthetic
2025-07-21 01:22:20+00:00,drone,Empty Quarter – Shaybah Field,Eastern Region,26.433105,50.005662,synthetic
2025-09-19 19:40:46+00:00,drone,Eastern Region,Eastern Region,26.346507,50.046637,synthetic
2026-05-17 13:44:43+00:00,mixed,Area-A,Riyadh,24.645219,46.705091,synthetic
2025-06-16 04:30:39+00:00,mixed,Kharj Governorate,Al-Kharj,24.08496,47.363523,synthetic
2026-03-14 22:19:56+00:00,mixed,Riyadh,Riyadh,24.767425,46.611642,synthetic
2025-07-17 16:01:23+00:00,drone,Eastern Region,Eastern Region,26.40104,50.139809,synthetic
2025-06-07 18:42:56+00:00,drone,Eastern Region,Eastern Region,26.390787,50.145052,synthetic
2025-10-01 02:24:56+00:00,drone,Eastern Region,Eastern Region,26.401359,50.121035,synthetic
2026-04-04 15:39:57+00:00,mixed,Prince Sultan Air Base,Al-Kharj,23.971934,47.584814,synthetic
2025-10-13 18:35:58+00:00,drone,Eastern Region,Eastern Region,26.538646,50.10839,synthetic
2026-03-25 23:48:10+00:00,drone,Eastern Region,Eastern Region,26.413195,50.184679,synthetic
2026-04-03 20:18:36+00:00,drone,Eastern Region,Eastern Region,26.452684,50.047756,synthetic
2025-09-29 19:06:21+00:00,mixed,Riyadh Region,Riyadh,24.709871,46.602357,synthetic
2025-09-07 23:08:33+00:00,drone,Gas facility – Eastern Region,Eastern Region,26.469154,50.01606,synthetic
2025-12-14 21:52:42+00:00,mixed,Empty Quarter – Shaybah Field,Eastern Region,26.381804,50.089632,synthetic
2025-11-28 13:51:50+00:00,mixed,Prince Sultan Air Base,Al-Kharj,24.068922,47.615465,synthetic
2026-03-11 09:35:46+00:00,mixed,East of Kharj Governorate,Al-Kharj,24.156602,47.427844,synthetic
2026-04-25 14:13:54+00:00,drone,Eastern Region,Eastern Region,26.389764,50.054669,synthetic
2026-03-20 13:14:54+00:00,mixed,Prince Sultan Air Base,Al-Kharj,24.077002,47.604592,synthetic
2026-04-01 18:27:54+00:00,drone,Eastern Region,Eastern Region,26.517866,50.133575,synthetic
2026-04-14 06:34:17+00:00,mixed,Al-Kharj,Al-Kharj,24.130455,47.29747,synthetic
2026-05-13 23:50:46+00:00,mixed,Riyadh,Riyadh,24.707711,46.619668,synthetic
2025-08-30 12:32:44+00:00,mixed,Prince Sultan Air Base,Al-Kharj,24.019051,47.567417,synthetic
2025-05-31 12:20:12+00:00,mixed,Area-A,Riyadh,24.654641,46.666992,synthetic
2026-05-10 08:09:55+00:00,drone,Riyadh,Riyadh,24.671096,46.763163,synthetic
2026-04-08 08:01:51+00:00,drone,Hafr Al-Batin,Hafr Al-Batin,28.410086,45.948757,synthetic
2025-10-16 18:38:23+00:00,mixed,Eastern Region,Eastern Region,26.345317,50.141072,synthetic
2026-03-24 14:25:56+00:00,drone,Riyadh,Riyadh,24.785632,46.62052,synthetic
2026-03-25 01:00:10+00:00,mixed,Al-Kharj,Al-Kharj,24.185974,47.306007,synthetic
2025-06-28 12:29:19+00:00,drone,Riyadh,Riyadh,24.778369,46.625479,synthetic
2026-03-24 05:48:37+00:00,drone,Riyadh,Riyadh,24.669451,46.638397,synthetic
2025-09-09 19:40:54+00:00,drone,Eastern Region,Eastern Region,26.368216,50.181374,synthetic
2026-03-17 04:47:46+00:00,mixed,Riyadh City – US Embassy,Riyadh,24.710713,46.685664,synthetic
2026-04-15 23:28:58+00:00,drone,Empty Quarter – Shaybah Field,Eastern Region,26.452671,50.022303,synthetic
2025-09-06 00:14:31+00:00,drone,Ras Tanura Oil Refinery,Eastern Region,26.696725,50.267806,synthetic
2026-02-20 13:38:54+00:00,drone,Eastern Region,Eastern Region,26.424505,50.082449,synthetic
2025-05-29 00:15:25+00:00,mixed,Eastern Region,Eastern Region,26.444788,50.188937,synthetic
2026-01-03 11:46:46+00:00,mixed,Prince Sultan Air Base,Al-Kharj,24.048454,47.557457,synthetic
2026-03-18 16:51:54+00:00,drone,Riyadh Region,Riyadh,24.68272,46.610639,synthetic
2025-08-25 01:43:55+00:00,drone,Eastern Region,Eastern Region,26.419076,50.107804,synthetic
2025-08-25 16:41:34+00:00,drone,Eastern Region,Eastern Region,26.406847,50.124388,synthetic
2025-08-25 21:12:34+00:00,drone,Eastern Region,Eastern Region,26.417358,50.064471,synthetic
2025-08-25 12:36:12+00:00,drone,Yanbu,Yanbu,24.082091,38.102076,synthetic
2026-04-26 15:14:47+00:00,drone,Riyadh Region,Riyadh,24.765748,46.631612,synthetic
2026-03-28 03:01:42+00:00,mixed,Yanbu Port,Yanbu,24.085877,38.102078,synthetic
2026-03-03 14:36:52+00:00,mixed,Riyadh Region,Riyadh,24.736655,46.595866,synthetic
2026-03-03 10:25:42+00:00,drone,Eastern Region,Eastern Region,26.404184,50.069401,synthetic
2026-03-12 16:31:08+00:00,mixed,Riyadh Region,Riyadh,24.757816,46.630587,synthetic
2026-03-12 03:55:49+00:00,drone,Eastern Region,Eastern Region,26.363439,50.18562,synthetic
2026-04-12 19:30:28+00:00,drone,Yanbu Industrial City,Yanbu,24.029402,38.087815,synthetic
2026-03-14 21:14:19+00:00,drone,Eastern Region,Eastern Region,26.453697,50.124812,synthetic
2026-03-07 09:24:50+00:00,drone,East of Kharj Governorate,Al-Kharj,24.153207,47.363205,synthetic
2026-03-22 21:17:21+00:00,drone,Hafr Al-Batin,Hafr Al-Batin,28.362287,45.924363,synthetic
2025-08-15 21:41:35+00:00,drone,Eastern Region,Eastern Region,26.417668,50.164197,synthetic
2025-10-29 10:22:09+00:00,mixed,Al-Kharj,Al-Kharj,24.130825,47.315556,synthetic
2025-11-16 06:04:37+00:00,drone,Eastern Region,Eastern Region,26.45799,50.195886,synthetic
2026-04-29 05:03:10+00:00,drone,Eastern Region,Eastern Region,26.440413,50.111033,synthetic
2025-09-03 02:35:57+00:00,drone,Riyadh,Riyadh,24.636282,46.804572,synthetic
2025-07-11 06:37:56+00:00,mixed,East of Kharj Governorate,Al-Kharj,24.079476,47.340825,synthetic
2026-05-17 06:00:07+00:00,mixed,Empty Quarter – Shaybah Field,Eastern Region,26.339151,50.15205,synthetic
2025-06-11 14:26:12+00:00,drone,Yanbu,Yanbu,24.08395,38.142649,synthetic
2025-09-15 14:13:24+00:00,drone,Riyadh,Riyadh,24.627901,46.69792,synthetic
2026-03-14 20:49:38+00:00,mixed,Prince Sultan Air Base,Al-Kharj,24.078132,47.541917,synthetic
2025-09-12 01:16:43+00:00,mixed,Riyadh Region,Riyadh,24.698172,46.647622,synthetic
2025-12-22 03:21:52+00:00,drone,Yanbu Port,Yanbu,24.072687,38.063366,synthetic
2025-11-14 12:13:10+00:00,drone,Riyadh,Riyadh,24.686084,46.70466,synthetic
2026-01-19 23:08:53+00:00,mixed,Riyadh,Riyadh,24.693466,46.664139,synthetic
2025-07-26 03:01:45+00:00,mixed,Yanbu Refinery,Yanbu,24.117686,38.074751,synthetic
2026-01-05 04:55:47+00:00,mixed,Riyadh,Riyadh,24.725337,46.829737,synthetic
2025-07-12 00:05:06+00:00,drone,Area-A,Riyadh,24.776794,46.674729,synthetic
2025-10-24 14:45:26+00:00,drone,Eastern Region,Eastern Region,26.439004,50.055246,synthetic
2025-07-26 19:39:13+00:00,mixed,Eastern Region,Eastern Region,26.392531,50.183434,synthetic
2026-03-09 22:12:16+00:00,drone,Al-Kharj,Al-Kharj,24.134537,47.318463,synthetic
2026-03-29 13:07:34+00:00,drone,Empty Quarter – Shaybah Field,Eastern Region,26.458735,50.061757,synthetic
2026-03-16 00:24:03+00:00,drone,Prince Sultan Air Base,Al-Kharj,23.958554,47.565704,synthetic
2026-01-05 07:52:44+00:00,drone,Eastern Region,Eastern Region,26.483671,50.134772,synthetic
2026-03-24 05:28:35+00:00,drone,Empty Quarter – Shaybah Field,Eastern Region,26.38202,50.079873,synthetic
2026-04-25 06:56:37+00:00,drone,Eastern Region,Eastern Region,26.339631,50.11144,synthetic
2025-07-08 15:12:07+00:00,drone,Eastern Region,Eastern Region,26.434245,50.102913,synthetic
2025-09-16 18:22:43+00:00,drone,Empty Quarter – Shaybah Field,Eastern Region,26.372803,50.047992,synthetic
2025-06-13 16:16:16+00:00,drone,Yanbu Refinery,Yanbu,24.100094,38.091726,synthetic
2026-03-09 21:40:00+00:00,drone,East of Al-Jouf Region,Al-Jouf,30.095607,40.224581,synthetic
2026-03-22 19:44:30+00:00,drone,Riyadh Region,Riyadh,24.769911,46.68385,synthetic
2025-07-05 16:27:28+00:00,drone,Yanbu,Yanbu,24.030666,38.056921,synthetic
2026-01-04 11:00:40+00:00,drone,Eastern Region,Eastern Region,26.416353,50.138743,synthetic
2026-04-03 21:14:23+00:00,mixed,Kharj Governorate,Al-Kharj,24.144074,47.371081,synthetic
2026-01-15 03:33:06+00:00,mixed,Yanbu Refinery,Yanbu,24.07047,37.992954,synthetic
2026-02-23 17:10:51+00:00,drone,Eastern Region,Eastern Region,26.426715,50.067353,synthetic
2026-03-10 08:48:38+00:00,mixed,Eastern Region,Eastern Region,26.4192,50.185761,synthetic
2025-09-29 08:28:12+00:00,drone,Eastern Region,Eastern Region,26.426547,50.114458,synthetic
2025-06-20 14:49:08+00:00,mixed,Prince Sultan Air Base,Al-Kharj,24.043439,47.433062,synthetic
2025-12-01 10:04:25+00:00,mixed,Yanbu Petroleum Facility,Yanbu,24.089048,38.014209,synthetic
2025-11-08 22:31:25+00:00,drone,Hafr Al-Batin,Hafr Al-Batin,28.43801,46.057924,synthetic
2026-03-02 05:07:13+00:00,mixed,Yanbu,Yanbu,24.059851,38.100669,synthetic
2025-08-14 04:33:15+00:00,mixed,Al-Kharj,Al-Kharj,24.105116,47.32763,synthetic
2025-09-09 18:19:50+00:00,drone,Eastern Region,Eastern Region,26.447675,50.187472,synthetic
2025-12-03 12:39:51+00:00,drone,Area-A,Riyadh,24.740635,46.686202,synthetic
2025-05-20 21:31:22+00:00,drone,Eastern Region,Eastern Region,26.389869,50.128867,synthetic
2025-09-06 23:56:48+00:00,mixed,Kharj Governorate,Al-Kharj,24.217435,47.35408,synthetic
2026-05-02 02:19:10+00:00,mixed,Eastern Region,Eastern Region,26.405136,50.030631,synthetic
2025-07-02 11:31:48+00:00,drone,Riyadh,Riyadh,24.715863,46.659094,synthetic
2026-04-27 21:01:24+00:00,mixed,Al-Kharj,Al-Kharj,24.045358,47.307893,synthetic
2025-09-22 06:54:46+00:00,drone,Eastern Region,Eastern Region,26.459068,50.109222,synthetic
2026-03-30 20:15:20+00:00,drone,Riyadh,Riyadh,24.687573,46.692544,synthetic
2025-08-06 09:06:22+00:00,drone,Riyadh Region,Riyadh,24.801831,46.640063,synthetic
2025-08-07 07:48:34+00:00,drone,Yanbu,Yanbu,24.048896,38.061728,synthetic
2026-03-28 04:56:15+00:00,drone,Eastern Region,Eastern Region,26.326863,50.116496,synthetic
2026-03-28 12:08:46+00:00,drone,Eastern Region,Eastern Region,26.408883,50.173089,synthetic
2026-03-28 22:31:38+00:00,drone,Eastern Region,Eastern Region,26.469872,50.130741,synthetic
2026-03-28 01:15:09+00:00,mixed,Riyadh,Riyadh,24.777358,46.688189,synthetic
2026-03-28 11:18:40+00:00,mixed,Eastern Region,Eastern Region,26.476873,50.092199,synthetic
2026-04-27 04:12:23+00:00,mixed,Riyadh,Riyadh,24.776167,46.596472,synthetic
2026-04-29 17:09:11+00:00,drone,Gas facility – Eastern Region,Eastern Region,26.527827,50.066652,synthetic
2026-04-19 01:39:48+00:00,mixed,Riyadh,Riyadh,24.591366,46.670249,synthetic
2025-11-07 10:03:46+00:00,drone,Riyadh Region,Riyadh,24.65161,46.616344,synthetic
2026-03-07 18:29:44+00:00,mixed,East of Kharj Governorate,Al-Kharj,24.224761,47.299826,synthetic
2026-03-29 10:08:11+00:00,drone,East of Kharj City,Al-Kharj,24.083466,47.300333,synthetic
2026-04-25 18:07:05+00:00,mixed,Eastern Region,Eastern Region,26.500699,50.124103,synthetic
2026-03-19 06:45:41+00:00,drone,Prince Sultan Air Base,Al-Kharj,23.933226,47.627195,synthetic
2026-04-12 02:44:08+00:00,drone,Empty Quarter – Shaybah Field,Eastern Region,26.28567,50.108715,synthetic
2025-08-09 04:52:23+00:00,mixed,Riyadh,Riyadh,24.75655,46.72438,synthetic
2026-03-05 06:34:32+00:00,mixed,Riyadh,Riyadh,24.768391,46.708189,synthetic
2026-03-17 05:35:45+00:00,drone,Eastern Region,Eastern Region,26.340905,50.078505,synthetic
2026-04-26 11:04:11+00:00,drone,Area-A,Riyadh,24.679565,46.690818,synthetic
2025-06-14 05:40:07+00:00,drone,Eastern Region,Eastern Region,26.451301,50.128134,synthetic
2026-04-05 17:35:40+00:00,drone,Eastern Region,Eastern Region,26.472126,50.06215,synthetic
2026-03-01 15:03:19+00:00,drone,Empty Quarter – Shaybah Field,Eastern Region,26.418412,50.012804,synthetic
2026-03-13 01:53:41+00:00,drone,Empty Quarter – Shaybah Field,Eastern Region,26.405048,50.031578,synthetic
2025-07-05 05:36:41+00:00,drone,Eastern Region,Eastern Region,26.463363,50.100161,synthetic
2026-04-08 10:59:19+00:00,drone,Eastern Region,Eastern Region,26.381651,50.116189,synthetic
2025-08-14 16:41:23+00:00,drone,Eastern Region,Eastern Region,26.369289,50.112265,synthetic
2025-08-26 06:15:37+00:00,drone,Eastern Region,Eastern Region,26.48392,50.152482,synthetic
2025-07-23 15:43:24+00:00,mixed,Riyadh City,Riyadh,24.701502,46.6226,synthetic
2026-03-20 07:01:51+00:00,drone,Eastern Region,Eastern Region,26.349532,50.203675,synthetic
2026-03-25 10:32:57+00:00,drone,Eastern Region,Eastern Region,26.452271,50.176384,synthetic
2026-04-03 21:01:50+00:00,drone,Eastern Region,Eastern Region,26.401935,50.132528,synthetic
2025-08-27 12:20:06+00:00,drone,Gas facility – Eastern Region,Eastern Region,26.51893,50.062833,synthetic
2026-04-25 16:41:47+00:00,mixed,Riyadh Airport,Riyadh,24.998905,46.80347,synthetic
2025-08-24 15:08:06+00:00,mixed,East of Kharj Governorate,Al-Kharj,24.143422,47.301317,synthetic
2025-08-25 09:17:04+00:00,mixed,Yanbu,Yanbu,24.091998,38.143072,synthetic
2025-07-29 06:39:52+00:00,mixed,Riyadh Region,Riyadh,24.726537,46.798334,synthetic
2025-12-12 22:54:10+00:00,drone,Prince Sultan Air Base,Al-Kharj,24.038238,47.586752,synthetic
2025-08-02 06:51:30+00:00,mixed,Eastern Region,Eastern Region,26.510532,50.088675,synthetic
2025-11-23 04:18:11+00:00,drone,Eastern Region,Eastern Region,26.496121,50.166349,synthetic
2026-03-18 08:21:08+00:00,drone,Riyadh Region,Riyadh,24.705635,46.635885,synthetic
2026-05-06 09:19:57+00:00,drone,Riyadh,Riyadh,24.697666,46.722115,synthetic
2026-03-16 23:13:33+00:00,drone,Area-A,Riyadh,24.791366,46.685589,synthetic
2025-09-04 04:50:04+00:00,drone,Empty Quarter – Shaybah Field,Eastern Region,26.537214,50.09232,synthetic
2026-04-01 01:40:07+00:00,drone,Eastern Region,Eastern Region,26.345603,50.066323,synthetic
2026-03-01 00:49:13+00:00,mixed,Riyadh,Riyadh,24.755408,46.647312,synthetic
2026-03-23 05:21:59+00:00,mixed,Prince Sultan Air Base,Al-Kharj,24.080802,47.617041,synthetic
2026-04-09 23:41:03+00:00,drone,Eastern Region,Eastern Region,26.41842,50.239069,synthetic
2026-04-11 21:21:26+00:00,drone,Eastern Region,Eastern Region,26.372965,50.209528,synthetic
2025-09-24 20:00:56+00:00,drone,Eastern Region,Eastern Region,26.400293,50.109236,synthetic
2026-01-02 04:24:43+00:00,drone,East of Al-Jouf Region,Al-Jouf,29.915975,40.303657,synthetic
2026-03-01 00:45:53+00:00,drone,East of Al-Jouf Region,Al-Jouf,29.907204,40.210764,synthetic
2025-11-17 05:50:33+00:00,drone,Eastern Region,Eastern Region,26.398892,50.193913,synthetic
2026-05-06 17:43:57+00:00,mixed,East of Kharj Governorate,Al-Kharj,24.114018,47.377647,synthetic
2025-12-08 20:48:21+00:00,drone,Area-A,Riyadh,24.787705,46.674673,synthetic
2025-12-08 10:44:10+00:00,drone,Eastern Region,Eastern Region,26.463194,50.179116,synthetic
2025-12-08 08:33:22+00:00,mixed,Empty Quarter – Shaybah Field,Eastern Region,26.326755,50.005654,synthetic
2025-12-08 15:57:16+00:00,drone,Riyadh,Riyadh,24.682038,46.665641,synthetic
2025-08-06 09:09:27+00:00,drone,Eastern Region,Eastern Region,26.580728,50.197375,synthetic
2025-09-21 14:09:40+00:00,drone,Eastern Region,Eastern Region,26.471432,50.074964,synthetic
2026-03-17 22:24:50+00:00,drone,Riyadh,Riyadh,24.722813,46.727508,synthetic
2025-09-23 19:45:19+00:00,drone,Eastern Region,Eastern Region,26.46396,50.088962,synthetic
2026-02-18 10:38:24+00:00,drone,Eastern Region,Eastern Region,26.479041,50.114652,synthetic
2026-04-17 03:09:46+00:00,mixed,Yanbu,Yanbu,24.133543,38.100207,synthetic
2025-06-21 15:05:51+00:00,drone,Gas facility – Eastern Region,Eastern Region,26.402191,50.172886,synthetic
2025-07-11 11:16:56+00:00,mixed,Riyadh,Riyadh,24.722876,46.630843,synthetic
2026-04-24 19:04:32+00:00,drone,Eastern Region,Eastern Region,26.380466,50.126057,synthetic
2025-07-26 03:31:07+00:00,drone,Prince Sultan Air Base,Al-Kharj,24.016212,47.55179,synthetic
2026-04-15 08:39:32+00:00,mixed,Eastern Region,Eastern Region,26.393992,50.077748,synthetic
2026-04-19 04:57:43+00:00,drone,Eastern Region,Eastern Region,26.369589,50.023259,synthetic
2025-07-09 04:09:38+00:00,drone,Eastern Region,Eastern Region,26.355181,50.147123,synthetic
2025-07-20 08:40:07+00:00,drone,Eastern Region,Eastern Region,26.422021,50.158089,synthetic
2026-03-14 23:26:43+00:00,drone,Gas facility – Eastern Region,Eastern Region,26.357974,50.137165,synthetic
2025-05-24 02:11:02+00:00,drone,Area-A,Riyadh,24.730504,46.775677,synthetic
2026-04-10 11:57:13+00:00,mixed,Yanbu,Yanbu,24.061367,38.09145,synthetic
2026-01-24 14:44:04+00:00,drone,Eastern Region,Eastern Region,26.46327,50.130174,synthetic
2026-04-04 00:32:08+00:00,drone,North of Riyadh City,Riyadh,24.692105,46.648268,synthetic
2026-03-08 12:14:21+00:00,drone,Eastern Region,Eastern Region,26.423921,50.064901,synthetic
2025-08-04 00:59:29+00:00,drone,Eastern Region,Eastern Region,26.462066,50.170244,synthetic
2026-03-02 08:08:49+00:00,drone,Yanbu Refinery,Yanbu,24.196943,38.022636,synthetic
2025-08-05 12:36:26+00:00,drone,Eastern Region,Eastern Region,26.468114,50.04029,synthetic
2026-04-13 09:40:58+00:00,mixed,Riyadh Region,Riyadh,24.755959,46.608721,synthetic
2026-04-27 16:56:01+00:00,drone,Prince Sultan Air Base,Al-Kharj,23.972403,47.627723,synthetic
2026-04-03 00:04:04+00:00,mixed,Yanbu Port,Yanbu,24.141485,37.994426,synthetic
2025-09-29 07:29:19+00:00,drone,Eastern Region,Eastern Region,26.481669,50.141669,synthetic
2026-04-21 06:33:12+00:00,mixed,Yanbu,Yanbu,24.060528,38.065565,synthetic
2026-03-08 18:57:53+00:00,drone,Ras Tanura Oil Refinery,Eastern Region,26.612621,50.259904,synthetic
2026-05-09 07:13:39+00:00,drone,Riyadh Region,Riyadh,24.673416,46.678326,synthetic
2025-09-16 01:05:09+00:00,drone,Empty Quarter – Shaybah Field,Eastern Region,26.426604,50.058139,synthetic
2026-05-02 07:42:52+00:00,drone,Eastern Region,Eastern Region,26.48414,50.10472,synthetic
2025-06-03 11:33:58+00:00,mixed,Area-A,Riyadh,24.768017,46.644848,synthetic
2026-01-13 03:56:48+00:00,drone,Eastern Region,Eastern Region,26.405021,50.127706,synthetic
2026-05-02 22:45:41+00:00,drone,Eastern Region,Eastern Region,26.389981,50.110431,synthetic
2026-03-17 14:51:04+00:00,drone,Eastern Region,Eastern Region,26.379285,50.084221,synthetic
2026-04-23 05:34:17+00:00,drone,Eastern Region,Eastern Region,26.474494,50.059909,synthetic
2025-12-06 05:22:08+00:00,mixed,East of Kharj Governorate,Al-Kharj,24.097257,47.395999,synthetic
2026-04-15 03:26:51+00:00,drone,East of Al-Jouf Region,Al-Jouf,30.017724,40.185272,synthetic
2025-09-16 03:59:53+00:00,mixed,Empty Quarter – Shaybah Field,Eastern Region,26.367577,50.091101,synthetic
2025-08-22 17:09:47+00:00,mixed,East of Kharj Governorate,Al-Kharj,24.197263,47.37242,synthetic
2025-06-30 07:56:45+00:00,drone,Embassy District – Riyadh,Riyadh,24.724508,46.67762,synthetic
2026-03-29 05:12:34+00:00,drone,Riyadh Region,Riyadh,24.680151,46.582439,synthetic
2026-03-02 10:34:33+00:00,drone,Eastern Region,Eastern Region,26.55632,50.182194,synthetic
2026-03-17 18:43:34+00:00,mixed,Riyadh,Riyadh,24.637579,46.630513,synthetic
2026-01-14 07:01:43+00:00,drone,Empty Quarter – Shaybah Field,Eastern Region,26.448555,49.971905,synthetic
2025-07-25 03:06:49+00:00,drone,Eastern Region,Eastern Region,26.472573,50.095956,synthetic
2025-08-22 23:49:09+00:00,mixed,East of Kharj City,Al-Kharj,24.155546,47.330212,synthetic
2026-03-28 01:59:51+00:00,drone,Eastern Region,Eastern Region,26.335592,50.131928,synthetic
2025-06-07 09:45:09+00:00,mixed,Al-Kharj,Al-Kharj,24.034793,47.341823,synthetic
2026-03-07 09:34:48+00:00,drone,Ras Tanura Oil Refinery,Eastern Region,26.742473,50.114268,synthetic
2026-05-16 18:46:10+00:00,drone,Yanbu Refinery,Yanbu,24.131238,38.022759,synthetic
2025-08-17 12:53:39+00:00,drone,Eastern Region,Eastern Region,26.344173,50.13154,synthetic
2026-05-16 12:17:37+00:00,drone,Eastern Region,Eastern Region,26.320511,50.081354,synthetic
2025-07-28 14:24:57+00:00,drone,Empty Quarter – Shaybah Field,Eastern Region,26.37418,50.207851,synthetic
2025-11-26 20:06:42+00:00,drone,Ras Tanura Oil Refinery,Eastern Region,26.626179,50.291685,synthetic
2025-10-08 04:45:41+00:00,drone,Eastern Region,Eastern Region,26.441352,50.024021,synthetic
2026-03-26 15:04:43+00:00,mixed,Eastern Region,Eastern Region,26.396603,50.142289,synthetic
2026-03-11 20:23:20+00:00,drone,Riyadh Region,Riyadh,24.740913,46.773667,synthetic
2026-03-30 03:56:53+00:00,drone,North of Riyadh City,Riyadh,24.775611,46.716441,synthetic
2025-10-11 10:13:19+00:00,drone,Eastern Region,Eastern Region,26.447568,50.152242,synthetic
2026-04-04 08:04:29+00:00,drone,Eastern Region,Eastern Region,26.430321,50.231725,synthetic
2025-10-25 12:16:12+00:00,mixed,Eastern Region,Eastern Region,26.43396,50.072365,synthetic
2025-12-17 05:40:01+00:00,mixed,Eastern Region,Eastern Region,26.420611,50.050414,synthetic
2025-12-22 15:16:17+00:00,drone,Eastern Region,Eastern Region,26.412567,50.085212,synthetic
2025-12-09 07:23:51+00:00,drone,Riyadh,Riyadh,24.664105,46.749482,synthetic
2025-12-09 20:56:57+00:00,mixed,Riyadh City – US Embassy,Riyadh,24.722766,46.721297,synthetic
2025-12-09 06:18:01+00:00,drone,East of Kharj City,Al-Kharj,24.098294,47.380372,synthetic
2026-01-16 23:00:57+00:00,drone,Empty Quarter – Shaybah Field,Eastern Region,26.443452,50.047282,synthetic
2026-03-11 12:10:45+00:00,mixed,Riyadh Region,Riyadh,24.76031,46.546474,synthetic
2025-10-08 18:16:25+00:00,drone,Eastern Region,Eastern Region,26.425399,50.208864,synthetic
2025-11-01 19:36:37+00:00,drone,Eastern Region,Eastern Region,26.4803,50.130705,synthetic
2026-04-18 23:02:52+00:00,drone,Yanbu Refinery,Yanbu,24.112047,38.032747,synthetic
2025-09-15 08:22:43+00:00,drone,Eastern Region,Eastern Region,26.330896,50.111615,synthetic
2026-01-05 11:29:47+00:00,drone,Eastern Region,Eastern Region,26.403673,50.028016,synthetic
2025-10-06 16:11:24+00:00,mixed,Eastern Region,Eastern Region,26.399957,50.180212,synthetic
2026-03-26 21:54:19+00:00,mixed,Al-Kharj,Al-Kharj,24.176224,47.386492,synthetic
2026-04-11 17:01:03+00:00,mixed,Riyadh,Riyadh,24.749871,46.622775,synthetic
2026-03-27 10:42:05+00:00,drone,Yanbu Industrial City,Yanbu,24.034064,38.095021,synthetic
2025-09-15 22:18:58+00:00,drone,Riyadh City – US Embassy,Riyadh,24.757274,46.746466,synthetic
2025-06-27 07:05:09+00:00,drone,Eastern Region,Eastern Region,26.485056,50.047809,synthetic
2026-04-17 19:34:54+00:00,drone,Riyadh,Riyadh,24.657172,46.594771,synthetic
2026-03-22 14:34:29+00:00,drone,Eastern Region,Eastern Region,26.434071,50.174427,synthetic
2026-04-19 09:03:58+00:00,drone,Prince Sultan Air Base,Al-Kharj,24.049859,47.578851,synthetic
2026-04-20 17:30:55+00:00,drone,Eastern Region,Eastern Region,26.358139,50.054536,synthetic
2026-03-25 17:35:01+00:00,drone,Al-Kharj,Al-Kharj,24.143607,47.404657,synthetic
2026-04-27 07:17:02+00:00,drone,Al-Kharj,Al-Kharj,24.139264,47.371322,synthetic
2026-04-27 22:18:38+00:00,mixed,Riyadh,Riyadh,24.802325,46.695989,synthetic
2026-04-27 04:56:23+00:00,mixed,Prince Sultan Air Base,Al-Kharj,23.922085,47.644377,synthetic
2026-04-27 18:04:57+00:00,mixed,East of Kharj Governorate,Al-Kharj,24.094898,47.41419,synthetic
2026-04-27 11:54:49+00:00,mixed,Riyadh,Riyadh,24.703138,46.780874,synthetic
2025-06-28 07:30:40+00:00,drone,Eastern Region,Eastern Region,26.491858,50.183564,synthetic
2026-04-26 11:32:34+00:00,mixed,East of Kharj City,Al-Kharj,24.103579,47.416384,synthetic
2025-06-12 07:45:20+00:00,drone,Eastern Region,Eastern Region,26.412963,50.085908,synthetic
2026-03-19 07:58:22+00:00,mixed,Ras Tanura Oil Refinery,Eastern Region,26.734711,50.266415,synthetic
2025-11-08 23:23:14+00:00,mixed,Riyadh Region,Riyadh,24.702727,46.625007,synthetic
2026-03-29 20:05:54+00:00,drone,Riyadh,Riyadh,24.765,46.642301,synthetic
2026-04-20 01:13:17+00:00,drone,East of Kharj Governorate,Al-Kharj,24.108658,47.43544,synthetic
2026-04-14 02:26:57+00:00,mixed,Al-Kharj,Al-Kharj,24.219985,47.302809,synthetic
2026-03-29 14:47:10+00:00,drone,Riyadh Airport,Riyadh,25.049303,46.711214,synthetic
2026-03-13 07:39:09+00:00,drone,Empty Quarter – Shaybah Field,Eastern Region,26.367269,50.019913,synthetic
2026-03-05 13:42:08+00:00,mixed,Prince Sultan Air Base,Al-Kharj,24.060348,47.633112,synthetic
2026-04-04 14:34:20+00:00,drone,Prince Sultan Air Base,Al-Kharj,23.947916,47.595921,synthetic
2025-11-26 23:31:24+00:00,drone,Empty Quarter – Shaybah Field,Eastern Region,26.37625,50.143298,synthetic
2025-05-24 17:57:56+00:00,drone,Prince Sultan Air Base,Al-Kharj,23.958138,47.592117,synthetic
2025-09-28 08:47:22+00:00,drone,Eastern Region,Eastern Region,26.49296,50.060092,synthetic
2026-01-07 16:17:45+00:00,drone,Eastern Region,Eastern Region,26.465578,50.03867,synthetic
2025-08-14 23:23:18+00:00,mixed,Yanbu Port,Yanbu,23.999209,38.039818,synthetic
2025-11-18 04:51:36+00:00,drone,Embassy District – Riyadh,Riyadh,24.684045,46.747741,synthetic
2026-03-27 16:30:49+00:00,drone,Eastern Region,Eastern Region,26.501959,50.117186,synthetic
2025-07-16 11:18:27+00:00,mixed,Eastern Region,Eastern Region,26.357611,50.130934,synthetic
2026-03-01 02:16:24+00:00,drone,Riyadh,Riyadh,24.666084,46.665065,synthetic
2026-03-07 06:24:28+00:00,drone,Eastern Region,Eastern Region,26.414083,50.071593,synthetic
2026-04-21 22:55:01+00:00,mixed,East of Kharj Governorate,Al-Kharj,24.121225,47.380999,synthetic
2026-03-31 01:30:00+00:00,drone,Ras Tanura Oil Refinery,Eastern Region,26.669006,50.145646,synthetic
2026-01-01 01:32:10+00:00,drone,Empty Quarter – Shaybah Field,Eastern Region,26.471642,50.057081,synthetic
2026-01-01 21:57:47+00:00,mixed,Riyadh,Riyadh,24.721183,46.702063,synthetic
2026-01-01 09:19:17+00:00,mixed,Ras Tanura Oil Refinery,Eastern Region,26.767498,50.225545,synthetic
2026-01-01 12:35:43+00:00,mixed,Prince Sultan Air Base,Al-Kharj,24.067872,47.603841,synthetic
2026-01-01 03:29:13+00:00,drone,East of Al-Jouf Region,Al-Jouf,29.970074,40.22864,synthetic
2026-05-09 21:24:28+00:00,drone,Yanbu Industrial City,Yanbu,24.050807,38.175298,synthetic
2026-01-07 02:56:23+00:00,drone,Empty Quarter – Shaybah Field,Eastern Region,26.332358,50.024436,synthetic
2026-03-11 10:09:18+00:00,drone,Eastern Region,Eastern Region,26.404658,50.049925,synthetic
2026-03-28 01:14:36+00:00,mixed,Empty Quarter – Shaybah Field,Eastern Region,26.307643,50.09476,synthetic
2026-03-03 07:30:06+00:00,mixed,Riyadh,Riyadh,24.76865,46.703726,synthetic
2025-08-23 17:47:11+00:00,drone,Yanbu Port,Yanbu,23.999181,37.999458,synthetic
2026-03-09 10:36:53+00:00,drone,Eastern Region,Eastern Region,26.45614,50.171298,synthetic
2025-07-05 21:03:42+00:00,drone,Eastern Region,Eastern Region,26.501886,50.015888,synthetic
2026-04-15 15:28:47+00:00,mixed,Area-A,Riyadh,24.686203,46.625566,synthetic
2026-04-16 13:44:09+00:00,drone,Riyadh,Riyadh,24.729274,46.660773,synthetic
2025-11-14 03:08:08+00:00,mixed,Yanbu,Yanbu,24.061341,38.086612,synthetic
2025-11-08 20:08:09+00:00,mixed,Al-Kharj,Al-Kharj,24.144313,47.308936,synthetic
2025-09-22 16:14:42+00:00,drone,Empty Quarter – Shaybah Field,Eastern Region,26.281943,50.0685,synthetic
2026-04-11 00:03:15+00:00,drone,Empty Quarter – Shaybah Field,Eastern Region,26.245867,50.034212,synthetic
2025-09-03 14:41:26+00:00,mixed,Riyadh,Riyadh,24.660737,46.713725,synthetic
2026-01-18 21:12:47+00:00,drone,Eastern Region,Eastern Region,26.446554,50.089744,synthetic
2025-11-25 16:31:48+00:00,drone,Eastern Region,Eastern Region,26.394062,50.049811,synthetic
2025-11-25 16:10:15+00:00,mixed,Eastern Region,Eastern Region,26.420181,50.132563,synthetic
2026-04-25 01:55:44+00:00,drone,Riyadh,Riyadh,24.7218,46.768205,synthetic
2026-04-29 05:47:06+00:00,drone,Eastern Region,Eastern Region,26.483603,50.101642,synthetic
2026-03-29 18:39:31+00:00,drone,Riyadh,Riyadh,24.664305,46.671827,synthetic
2026-04-06 06:38:50+00:00,drone,East of Kharj Governorate,Al-Kharj,24.08393,47.372478,synthetic
2026-03-26 10:30:04+00:00,drone,East of Al-Jouf Region,Al-Jouf,29.936332,40.230395,synthetic
2026-03-15 01:26:55+00:00,mixed,Prince Sultan Air Base,Al-Kharj,24.082706,47.56808,synthetic
2026-04-13 23:40:05+00:00,drone,Riyadh,Riyadh,24.796331,46.721193,synthetic
2026-03-23 20:07:08+00:00,drone,Riyadh Region,Riyadh,24.677947,46.649222,synthetic
2026-03-31 15:25:06+00:00,mixed,East of Kharj City,Al-Kharj,24.090533,47.258533,synthetic
2026-04-11 23:58:05+00:00,drone,Eastern Region,Eastern Region,26.380194,50.202125,synthetic
2026-03-15 06:02:12+00:00,mixed,Prince Sultan Air Base,Al-Kharj,24.110526,47.575465,synthetic
2026-05-01 19:50:34+00:00,drone,Eastern Region,Eastern Region,26.404527,50.164418,synthetic
2026-03-04 10:54:27+00:00,mixed,Yanbu Refinery,Yanbu,24.146899,38.11811,synthetic
2026-04-20 22:02:53+00:00,drone,Eastern Region,Eastern Region,26.406963,50.200031,synthetic
2025-06-22 20:55:11+00:00,drone,Eastern Region,Eastern Region,26.479788,50.161433,synthetic
2025-06-22 14:26:22+00:00,mixed,Yanbu Refinery,Yanbu,24.104634,38.039636,synthetic
2026-05-09 17:47:48+00:00,mixed,Yanbu Refinery,Yanbu,24.2381,38.0786,synthetic
2026-03-02 22:47:05+00:00,drone,Empty Quarter – Shaybah Field,Eastern Region,26.370115,50.090609,synthetic
2026-03-04 10:13:27+00:00,drone,Riyadh Airport,Riyadh,25.002181,46.64867,synthetic
2025-08-28 21:43:54+00:00,drone,Eastern Region,Eastern Region,26.532572,50.183494,synthetic
2026-03-10 00:00:22+00:00,drone,Eastern Region,Eastern Region,26.400537,50.111309,synthetic
2025-08-30 22:01:56+00:00,drone,Riyadh Airport,Riyadh,24.92777,46.71642,synthetic
2026-04-01 15:54:41+00:00,drone,East of Kharj City,Al-Kharj,24.171586,47.346769,synthetic
2026-03-25 12:24:53+00:00,mixed,Eastern Region,Eastern Region,26.519911,50.118685,synthetic
2026-04-29 14:00:32+00:00,mixed,Eastern Region,Eastern Region,26.437969,50.22074,synthetic
2026-04-29 15:46:09+00:00,drone,Empty Quarter – Shaybah Field,Eastern Region,26.42439,50.137321,synthetic
2026-04-29 20:57:16+00:00,mixed,Eastern Region,Eastern Region,26.486278,50.190762,synthetic
2026-05-19 12:39:03+00:00,drone,Eastern Region,Eastern Region,26.45668,50.096211,synthetic
2025-08-04 14:35:43+00:00,drone,Area-A,Riyadh,24.692748,46.6517,synthetic
2025-07-05 05:06:30+00:00,drone,Eastern Region,Eastern Region,26.452606,50.104148,synthetic
2025-07-05 05:05:01+00:00,drone,Ras Tanura Oil Refinery,Eastern Region,26.708271,50.255068,synthetic
2026-04-22 09:47:25+00:00,drone,Eastern Region,Eastern Region,26.487149,50.146189,synthetic
2026-03-16 01:44:47+00:00,drone,Empty Quarter – Shaybah Field,Eastern Region,26.442637,50.172404,synthetic
2025-06-29 18:08:42+00:00,mixed,Prince Sultan Air Base,Al-Kharj,23.959106,47.621443,synthetic
2025-09-30 09:40:08+00:00,mixed,Al-Kharj,Al-Kharj,24.06616,47.218208,synthetic
2026-04-09 18:29:32+00:00,drone,Eastern Region,Eastern Region,26.473642,50.193028,synthetic
2025-10-18 18:05:09+00:00,mixed,Eastern Region,Eastern Region,26.421295,50.102445,synthetic
2026-03-01 06:00:07+00:00,drone,Yanbu,Yanbu,24.046471,38.035994,synthetic
2026-03-13 18:10:14+00:00,drone,Eastern Region,Eastern Region,26.34909,50.14269,synthetic
2026-01-21 06:48:04+00:00,mixed,Eastern Region,Eastern Region,26.479505,50.140071,synthetic
2026-03-14 20:11:30+00:00,drone,Empty Quarter – Shaybah Field,Eastern Region,26.376139,50.061505,synthetic
2026-03-11 20:40:26+00:00,drone,Empty Quarter – Shaybah Field,Eastern Region,26.430817,50.093458,synthetic
2025-11-22 04:21:24+00:00,mixed,Prince Sultan Air Base,Al-Kharj,24.070533,47.614816,synthetic
2025-08-12 08:20:28+00:00,mixed,Prince Sultan Air Base,Al-Kharj,24.046521,47.568945,synthetic
2025-10-25 07:12:54+00:00,drone,Prince Sultan Air Base,Al-Kharj,24.019669,47.575844,synthetic
2026-04-01 10:20:43+00:00,drone,Al-Kharj,Al-Kharj,24.106628,47.26086,synthetic
2026-04-08 21:58:30+00:00,mixed,Al-Kharj,Al-Kharj,24.147696,47.315258,synthetic
2026-03-08 16:38:52+00:00,drone,Eastern Region,Eastern Region,26.441633,50.13985,synthetic
2026-04-29 12:24:44+00:00,drone,Al-Kharj,Al-Kharj,24.131421,47.360427,synthetic
2026-03-10 04:14:06+00:00,drone,Prince Sultan Air Base,Al-Kharj,23.983514,47.56549,synthetic
2026-04-10 21:18:56+00:00,drone,Riyadh Region,Riyadh,24.804896,46.652947,synthetic
2026-01-31 02:10:01+00:00,drone,Eastern Region,Eastern Region,26.47244,50.133188,synthetic
2025-10-13 18:27:55+00:00,drone,Eastern Region,Eastern Region,26.448053,50.142501,synthetic
2026-01-17 19:53:59+00:00,drone,Eastern Region,Eastern Region,26.375227,50.143879,synthetic
2026-04-26 20:23:37+00:00,drone,Hafr Al-Batin,Hafr Al-Batin,28.376408,45.918272,synthetic
2026-04-23 11:56:41+00:00,mixed,Riyadh Airport,Riyadh,24.898509,46.680304,synthetic
2026-03-23 14:46:41+00:00,drone,Eastern Region,Eastern Region,26.453742,50.123774,synthetic
2025-09-11 22:33:44+00:00,mixed,East of Kharj Governorate,Al-Kharj,24.128438,47.384753,synthetic
2025-07-30 03:31:48+00:00,mixed,East of Kharj Governorate,Al-Kharj,24.104558,47.307308,synthetic
2025-06-09 15:36:38+00:00,drone,Eastern Region,Eastern Region,26.369884,50.160983,synthetic
2026-03-22 22:13:32+00:00,mixed,Riyadh,Riyadh,24.7436,46.661508,synthetic
2026-03-22 14:24:33+00:00,drone,East of Al-Jouf Region,Al-Jouf,29.878056,40.150929,synthetic
2026-03-22 12:35:22+00:00,drone,Eastern Region,Eastern Region,26.399579,50.09262,synthetic
2026-03-22 14:14:11+00:00,drone,Prince Sultan Air Base,Al-Kharj,24.022382,47.705739,synthetic
2026-03-22 23:55:21+00:00,drone,Eastern Region,Eastern Region,26.399937,50.193033,synthetic
2025-10-11 20:37:50+00:00,mixed,East of Kharj Governorate,Al-Kharj,24.127075,47.364356,synthetic
2026-01-14 02:10:22+00:00,mixed,Eastern Region,Eastern Region,26.518588,50.093285,synthetic
2026-03-23 19:13:19+00:00,drone,Yanbu Petroleum Facility,Yanbu,24.067607,38.097441,synthetic
2025-07-02 06:38:49+00:00,drone,Eastern Region,Eastern Region,26.337631,50.175721,synthetic
2025-12-13 10:20:34+00:00,drone,Eastern Region,Eastern Region,26.37695,50.07265,synthetic
2025-12-13 18:01:14+00:00,drone,Eastern Region,Eastern Region,26.424813,50.076954,synthetic
2025-12-13 17:52:29+00:00,drone,Kharj Governorate,Al-Kharj,24.12857,47.404577,synthetic
2026-05-07 17:22:16+00:00,drone,Riyadh,Riyadh,24.806942,46.766125,synthetic
2025-06-17 01:29:25+00:00,mixed,Prince Sultan Air Base,Al-Kharj,23.988826,47.573662,synthetic
2026-03-21 18:52:12+00:00,drone,Riyadh,Riyadh,24.628937,46.636861,synthetic
2025-06-11 23:55:29+00:00,mixed,Riyadh,Riyadh,24.743617,46.6388,synthetic
2025-08-28 00:28:01+00:00,mixed,Eastern Region,Eastern Region,26.426927,50.094671,synthetic
2025-08-12 18:28:26+00:00,mixed,Eastern Region,Eastern Region,26.356434,50.084103,synthetic
2025-12-05 01:13:43+00:00,drone,East of Al-Jouf Region,Al-Jouf,29.884582,40.199033,synthetic
2026-04-12 18:49:00+00:00,drone,Eastern Region,Eastern Region,26.398502,50.192093,synthetic
2026-04-08 19:48:15+00:00,mixed,Riyadh,Riyadh,24.708854,46.627433,synthetic
2026-04-29 05:38:51+00:00,mixed,Eastern Region,Eastern Region,26.450036,50.137344,synthetic
2025-08-06 02:07:58+00:00,mixed,Eastern Region,Eastern Region,26.501415,50.133953,synthetic
2026-03-17 06:29:28+00:00,drone,Eastern Region,Eastern Region,26.39962,50.069167,synthetic
2025-12-14 05:46:51+00:00,mixed,Eastern Region,Eastern Region,26.464553,50.265907,synthetic
2025-11-15 05:49:39+00:00,mixed,Prince Sultan Air Base,Al-Kharj,24.049554,47.636502,synthetic
2025-12-22 13:01:40+00:00,mixed,Eastern Region,Eastern Region,26.44338,50.133218,synthetic
2026-03-05 22:54:12+00:00,drone,Eastern Region,Eastern Region,26.434223,50.078089,synthetic
2026-04-29 07:50:49+00:00,drone,Eastern Region,Eastern Region,26.479768,50.130655,synthetic
2025-07-08 21:16:43+00:00,drone,Yanbu Port,Yanbu,23.936474,38.113781,synthetic
2025-06-08 15:42:16+00:00,drone,Eastern Region,Eastern Region,26.369444,50.133674,synthetic
2026-04-29 19:12:58+00:00,drone,Eastern Region,Eastern Region,26.428673,50.166367,synthetic
2025-12-05 19:49:18+00:00,mixed,Eastern Region,Eastern Region,26.465571,50.13194,synthetic
2026-04-08 09:56:00+00:00,mixed,Prince Sultan Air Base,Al-Kharj,24.062076,47.651681,synthetic
2026-03-25 04:14:02+00:00,mixed,Riyadh,Riyadh,24.653255,46.757572,synthetic
2026-04-06 23:57:20+00:00,drone,Eastern Region,Eastern Region,26.374306,50.124051,synthetic
2025-06-21 10:47:28+00:00,drone,Riyadh,Riyadh,24.727306,46.695367,synthetic
2025-07-02 22:39:25+00:00,mixed,East of Kharj Governorate,Al-Kharj,24.157275,47.415164,synthetic
2026-03-29 22:23:47+00:00,drone,Empty Quarter – Shaybah Field,Eastern Region,26.320069,50.110259,synthetic
2026-03-06 16:46:15+00:00,drone,Riyadh Region,Riyadh,24.618321,46.594978,synthetic
2025-06-09 19:19:43+00:00,drone,Riyadh Region,Riyadh,24.818578,46.720284,synthetic
2025-09-09 02:03:33+00:00,drone,Eastern Region,Eastern Region,26.333861,50.094239,synthetic
2026-03-09 17:22:36+00:00,drone,Empty Quarter – Shaybah Field,Eastern Region,26.375919,50.074659,synthetic
2026-01-24 19:29:27+00:00,drone,Eastern Region,Eastern Region,26.417431,50.052296,synthetic
2026-01-24 16:23:42+00:00,drone,Eastern Region,Eastern Region,26.515853,50.131996,synthetic
2026-01-24 16:44:51+00:00,drone,Eastern Region,Eastern Region,26.411783,50.131067,synthetic
2026-01-24 00:45:38+00:00,drone,Riyadh City,Riyadh,24.802435,46.757719,synthetic
2025-09-07 13:43:03+00:00,drone,Eastern Region,Eastern Region,26.392857,50.134774,synthetic
2025-11-27 03:22:38+00:00,drone,East of Kharj Governorate,Al-Kharj,24.201065,47.323258,synthetic
2025-10-08 06:10:21+00:00,drone,Empty Quarter – Shaybah Field,Eastern Region,26.39936,50.075941,synthetic
2026-03-03 08:01:09+00:00,drone,Embassy District – Riyadh,Riyadh,24.629007,46.754671,synthetic
2026-03-01 06:40:27+00:00,drone,Riyadh Region,Riyadh,24.712886,46.634928,synthetic
2026-03-13 01:30:33+00:00,drone,Empty Quarter – Shaybah Field,Eastern Region,26.392024,49.965654,synthetic
2026-03-21 17:35:02+00:00,drone,Eastern Region,Eastern Region,26.448806,50.075402,synthetic
2026-03-17 07:14:40+00:00,drone,Eastern Region,Eastern Region,26.415818,50.130116,synthetic
2026-02-20 18:08:40+00:00,mixed,Ras Tanura Oil Refinery,Eastern Region,26.637957,50.27839,synthetic
2026-01-05 15:53:24+00:00,drone,East of Al-Jouf Region,Al-Jouf,30.013633,40.230407,synthetic
2025-12-27 22:38:07+00:00,drone,Embassy District – Riyadh,Riyadh,24.66805,46.650775,synthetic
2026-04-23 21:43:12+00:00,drone,Empty Quarter – Shaybah Field,Eastern Region,26.367695,50.160305,synthetic
2026-05-07 15:24:59+00:00,drone,Area-A,Riyadh,24.77265,46.661078,synthetic
2025-12-03 15:37:35+00:00,drone,Eastern Region,Eastern Region,26.396741,50.174711,synthetic
2025-10-08 19:12:15+00:00,drone,Riyadh City – US Embassy,Riyadh,24.72448,46.72856,synthetic
2025-08-25 20:19:21+00:00,mixed,Riyadh,Riyadh,24.690761,46.588837,synthetic
2025-08-06 17:23:54+00:00,drone,Empty Quarter – Shaybah Field,Eastern Region,26.350317,50.086106,synthetic
2026-04-29 15:02:09+00:00,mixed,Area-A,Riyadh,24.715333,46.726899,synthetic
2026-03-13 21:11:09+00:00,drone,Eastern Region,Eastern Region,26.506866,50.057992,synthetic
2026-03-13 23:21:07+00:00,drone,Eastern Region,Eastern Region,26.445661,50.108591,synthetic
2026-03-13 15:06:05+00:00,drone,Prince Sultan Air Base,Al-Kharj,24.019389,47.62484,synthetic
2026-03-13 08:49:24+00:00,mixed,North of Riyadh City,Riyadh,24.61364,46.650213,synthetic
2026-03-13 19:28:02+00:00,mixed,East of Kharj City,Al-Kharj,24.05265,47.353892,synthetic
2026-04-06 16:04:16+00:00,mixed,Riyadh,Riyadh,24.67798,46.759849,synthetic
2026-04-29 06:14:24+00:00,drone,East of Al-Jouf Region,Al-Jouf,29.901616,40.134841,synthetic
2025-06-24 21:15:48+00:00,mixed,Yanbu Industrial City,Yanbu,24.109839,38.152607,synthetic
2026-05-05 18:46:27+00:00,mixed,Eastern Region,Eastern Region,26.479217,50.144847,synthetic
2025-06-21 03:01:51+00:00,mixed,Area-A,Riyadh,24.69757,46.725507,synthetic
2025-06-08 00:53:27+00:00,drone,Al-Kharj,Al-Kharj,24.128996,47.277182,synthetic
2025-07-19 05:39:08+00:00,drone,Yanbu Port,Yanbu,24.037069,38.094184,synthetic
2025-10-04 05:12:19+00:00,drone,Eastern Region,Eastern Region,26.469711,50.08562,synthetic
2026-03-31 05:53:10+00:00,drone,Eastern Region,Eastern Region,26.34866,50.045267,synthetic
2025-09-12 00:15:52+00:00,drone,Riyadh,Riyadh,24.737186,46.701881,synthetic
2025-08-13 14:40:29+00:00,drone,Eastern Region,Eastern Region,26.375935,50.092199,synthetic
2025-08-02 06:45:20+00:00,drone,Riyadh City – US Embassy,Riyadh,24.806781,46.732334,synthetic
2025-12-10 02:17:07+00:00,drone,Eastern Region,Eastern Region,26.484895,50.084794,synthetic
2025-05-28 21:03:24+00:00,drone,Eastern Region,Eastern Region,26.454851,50.11697,synthetic
2026-03-31 03:41:43+00:00,drone,Eastern Region,Eastern Region,26.394673,50.096181,synthetic
2025-08-11 10:14:37+00:00,mixed,East of Kharj Governorate,Al-Kharj,24.191492,47.295296,synthetic
2025-08-11 16:33:58+00:00,drone,Riyadh,Riyadh,24.784265,46.782392,synthetic
2025-08-11 18:19:45+00:00,drone,Riyadh City – US Embassy,Riyadh,24.700962,46.79475,synthetic
2025-08-11 15:01:11+00:00,drone,Embassy District – Riyadh,Riyadh,24.620916,46.765893,synthetic
2025-08-11 00:34:25+00:00,mixed,Eastern Region,Eastern Region,26.470892,50.111361,synthetic
2025-08-11 01:49:36+00:00,drone,East of Al-Jouf Region,Al-Jouf,29.933248,40.264415,synthetic
2026-03-15 15:12:58+00:00,drone,Yanbu Refinery,Yanbu,24.096737,38.093147,synthetic
2026-04-03 10:10:01+00:00,mixed,Riyadh,Riyadh,24.746457,46.709077,synthetic
2026-03-19 10:18:00+00:00,drone,Eastern Region,Eastern Region,26.379713,50.111359,synthetic
2026-03-19 08:30:01+00:00,drone,Eastern Region,Eastern Region,26.383821,50.136692,synthetic
2026-03-19 16:42:14+00:00,drone,East of Kharj Governorate,Al-Kharj,24.124996,47.365557,synthetic
2026-03-19 21:46:41+00:00,mixed,Riyadh,Riyadh,24.640306,46.671263,synthetic
2026-03-19 00:46:42+00:00,mixed,Yanbu Port,Yanbu,24.068064,38.059235,synthetic
2025-06-14 07:22:45+00:00,drone,Eastern Region,Eastern Region,26.493149,50.139121,synthetic
2026-03-23 04:22:06+00:00,drone,Eastern Region,Eastern Region,26.346815,50.102285,synthetic
2026-03-09 03:04:45+00:00,drone,Eastern Region,Eastern Region,26.473248,50.118375,synthetic
2025-09-06 22:14:26+00:00,mixed,Eastern Region,Eastern Region,26.462183,50.143822,synthetic
2026-04-15 13:13:17+00:00,drone,Hafr Al-Batin,Hafr Al-Batin,28.420749,45.90008,synthetic
2025-12-28 05:56:44+00:00,drone,Eastern Region,Eastern Region,26.466703,50.078438,synthetic
2026-05-06 12:35:17+00:00,drone,Eastern Region,Eastern Region,26.27424,50.080924,synthetic
2026-05-09 19:00:23+00:00,mixed,Empty Quarter – Shaybah Field,Eastern Region,26.429071,50.126147,synthetic
2026-02-14 03:18:54+00:00,drone,Riyadh City,Riyadh,24.770941,46.654635,synthetic
2026-02-14 07:46:06+00:00,mixed,Empty Quarter – Shaybah Field,Eastern Region,26.48418,50.024925,synthetic
2026-02-14 13:29:31+00:00,drone,Eastern Region,Eastern Region,26.381572,50.10764,synthetic
2026-02-18 15:14:47+00:00,mixed,Riyadh,Riyadh,24.772639,46.711429,synthetic
2026-03-10 15:58:11+00:00,mixed,Riyadh Region,Riyadh,24.748294,46.586324,synthetic
2025-07-09 23:28:12+00:00,drone,East of Al-Jouf Region,Al-Jouf,29.888277,40.07363,synthetic
2026-04-07 21:56:08+00:00,drone,Eastern Region,Eastern Region,26.423188,50.18254,synthetic
2025-11-04 15:35:58+00:00,mixed,Riyadh Airport,Riyadh,24.948608,46.756711,synthetic
2025-06-04 01:08:29+00:00,drone,Empty Quarter – Shaybah Field,Eastern Region,26.300071,50.216423,synthetic
2025-07-20 06:33:11+00:00,drone,Yanbu,Yanbu,23.993889,38.086188,synthetic
2025-10-24 01:48:12+00:00,drone,Eastern Region,Eastern Region,26.490737,50.18785,synthetic
2026-03-21 18:13:39+00:00,drone,East of Al-Jouf Region,Al-Jouf,29.946644,40.250031,synthetic
2025-08-01 19:12:37+00:00,drone,Riyadh,Riyadh,24.774272,46.684305,synthetic
2026-03-01 03:09:19+00:00,drone,Yanbu,Yanbu,24.061705,38.118699,synthetic
2025-09-14 02:05:46+00:00,drone,Empty Quarter – Shaybah Field,Eastern Region,26.350992,50.107509,synthetic
2025-11-26 16:05:12+00:00,mixed,Yanbu Port,Yanbu,24.060069,38.059554,synthetic
2026-03-19 21:23:26+00:00,mixed,Prince Sultan Air Base,Al-Kharj,24.013354,47.528343,synthetic
2025-05-24 04:50:16+00:00,drone,North of Riyadh City,Riyadh,24.592968,46.618681,synthetic
2025-05-28 01:43:42+00:00,drone,Riyadh Region,Riyadh,24.75779,46.631171,synthetic
2026-04-21 19:36:16+00:00,drone,Eastern Region,Eastern Region,26.430942,50.168373,synthetic
2026-03-31 14:36:25+00:00,drone,Eastern Region,Eastern Region,26.428907,50.109534,synthetic
2025-08-10 11:27:04+00:00,drone,Eastern Region,Eastern Region,26.417269,50.137148,synthetic
2026-05-02 11:25:43+00:00,drone,East of Kharj City,Al-Kharj,24.082277,47.345445,synthetic
2025-11-10 21:31:05+00:00,drone,Eastern Region,Eastern Region,26.490996,50.189845,synthetic
2026-03-02 05:18:09+00:00,drone,Empty Quarter – Shaybah Field,Eastern Region,26.447416,50.138494,synthetic
2025-10-04 03:19:18+00:00,mixed,Riyadh,Riyadh,24.762297,46.697851,synthetic
2025-09-29 20:11:40+00:00,mixed,Al-Kharj,Al-Kharj,24.144356,47.34472,synthetic
2026-03-10 13:10:16+00:00,drone,Empty Quarter – Shaybah Field,Eastern Region,26.329323,49.986158,synthetic
2026-01-17 17:17:42+00:00,drone,Eastern Region,Eastern Region,26.406991,50.054004,synthetic
2025-06-16 20:11:43+00:00,drone,Empty Quarter – Shaybah Field,Eastern Region,26.444634,50.063058,synthetic
2026-04-24 11:45:51+00:00,drone,Eastern Region,Eastern Region,26.349944,50.05511,synthetic
2025-07-09 13:24:16+00:00,mixed,Prince Sultan Air Base,Al-Kharj,24.020316,47.521766,synthetic
2025-07-09 16:17:05+00:00,drone,Empty Quarter – Shaybah Field,Eastern Region,26.451684,50.087397,synthetic
2025-07-09 07:02:15+00:00,drone,Prince Sultan Air Base,Al-Kharj,24.05519,47.633576,synthetic
2025-07-09 01:14:30+00:00,drone,Eastern Region,Eastern Region,26.415662,50.195858,synthetic
2026-03-04 00:43:43+00:00,mixed,East of Kharj City,Al-Kharj,24.037503,47.315173,synthetic
2025-06-28 20:31:40+00:00,drone,Eastern Region,Eastern Region,26.407833,50.077079,synthetic
2025-06-28 01:04:49+00:00,mixed,East of Kharj City,Al-Kharj,24.052896,47.318594,synthetic
2026-01-27 01:09:44+00:00,drone,Eastern Region,Eastern Region,26.407736,50.113933,synthetic
2025-07-16 05:38:16+00:00,mixed,Riyadh City – US Embassy,Riyadh,24.776256,46.704471,synthetic
2026-04-24 08:41:26+00:00,mixed,Area-A,Riyadh,24.762861,46.813446,synthetic
2026-03-13 17:54:52+00:00,drone,Eastern Region,Eastern Region,26.374598,50.083527,synthetic
2025-11-23 17:23:21+00:00,mixed,Riyadh Region,Riyadh,24.680964,46.658016,synthetic
2026-03-20 09:16:32+00:00,drone,Eastern Region,Eastern Region,26.394861,50.166429,synthetic
2025-12-20 04:14:19+00:00,mixed,Yanbu,Yanbu,23.996087,38.048883,synthetic
2026-04-21 08:53:52+00:00,drone,Eastern Region,Eastern Region,26.407928,50.07248,synthetic
2025-11-04 03:08:14+00:00,mixed,Riyadh Region,Riyadh,24.838757,46.713832,synthetic
2026-01-12 21:57:42+00:00,mixed,East of Kharj Governorate,Al-Kharj,24.157978,47.521087,synthetic
2026-01-07 14:43:18+00:00,mixed,Eastern Region,Eastern Region,26.394767,50.065526,synthetic
2025-12-13 12:22:42+00:00,mixed,Riyadh,Riyadh,24.690793,46.70518,synthetic
2026-03-27 22:27:54+00:00,mixed,Gas facility – Eastern Region,Eastern Region,26.433797,50.089532,synthetic
2025-10-22 05:44:24+00:00,drone,Yanbu,Yanbu,24.120642,38.053387,synthetic
2025-12-29 12:24:02+00:00,mixed,Prince Sultan Air Base,Al-Kharj,24.04783,47.614806,synthetic
2025-11-17 08:14:25+00:00,drone,Eastern Region,Eastern Region,26.458439,50.163588,synthetic
2026-03-11 16:40:51+00:00,drone,Eastern Region,Eastern Region,26.393138,50.163658,synthetic
2025-08-04 01:27:14+00:00,mixed,Area-A,Riyadh,24.670872,46.654079,synthetic
2025-05-30 21:00:11+00:00,mixed,Riyadh City – US Embassy,Riyadh,24.68297,46.671668,synthetic
2026-04-24 00:08:02+00:00,drone,Eastern Region,Eastern Region,26.434643,50.098221,synthetic
2025-06-28 09:40:06+00:00,mixed,Prince Sultan Air Base,Al-Kharj,23.994052,47.543323,synthetic
2026-03-08 09:26:35+00:00,drone,Empty Quarter – Shaybah Field,Eastern Region,26.41387,50.019727,synthetic
2025-10-10 12:58:31+00:00,drone,Yanbu Port,Yanbu,24.088312,38.121353,synthetic
2025-05-25 05:10:29+00:00,drone,Eastern Region,Eastern Region,26.383642,50.126848,synthetic
2025-06-20 17:42:15+00:00,drone,Eastern Region,Eastern Region,26.436814,50.135468,synthetic
2026-04-11 23:50:05+00:00,drone,Riyadh,Riyadh,24.779581,46.742611,synthetic
2026-04-11 21:26:41+00:00,drone,Eastern Region,Eastern Region,26.522576,50.152365,synthetic
2026-04-11 13:07:52+00:00,drone,Prince Sultan Air Base,Al-Kharj,24.043453,47.591651,synthetic
2025-05-20 14:05:33+00:00,drone,Area-A,Riyadh,24.822645,46.797067,synthetic
2026-04-27 03:28:56+00:00,drone,Eastern Region,Eastern Region,26.469449,50.081208,synthetic
2026-04-19 18:52:25+00:00,mixed,Eastern Region,Eastern Region,26.352518,50.050147,synthetic
2025-10-06 01:22:50+00:00,drone,Al-Kharj,Al-Kharj,24.129332,47.328212,synthetic
2025-08-30 18:25:37+00:00,mixed,North of Riyadh City,Riyadh,24.834281,46.559596,synthetic
2025-10-08 15:24:46+00:00,drone,East of Kharj City,Al-Kharj,24.092596,47.442595,synthetic
2025-07-13 15:56:35+00:00,drone,Yanbu Petroleum Facility,Yanbu,24.128521,38.081923,synthetic
2025-12-03 11:41:35+00:00,drone,Riyadh,Riyadh,24.661005,46.652659,synthetic
2025-05-31 02:08:28+00:00,drone,Yanbu,Yanbu,24.103684,38.105481,synthetic
2025-05-31 03:01:25+00:00,mixed,Eastern Region,Eastern Region,26.382182,50.152426,synthetic
2025-05-31 19:30:54+00:00,drone,Riyadh,Riyadh,24.674073,46.675772,synthetic
2025-05-31 23:21:10+00:00,drone,Riyadh,Riyadh,24.696278,46.570385,synthetic
2026-04-26 15:58:02+00:00,drone,Empty Quarter – Shaybah Field,Eastern Region,26.483892,50.099494,synthetic
2026-05-16 17:54:06+00:00,mixed,Area-A,Riyadh,24.661657,46.683482,synthetic
2025-07-12 21:12:08+00:00,drone,Eastern Region,Eastern Region,26.394086,50.050996,synthetic
2026-04-01 12:14:25+00:00,drone,Eastern Region,Eastern Region,26.350605,50.187046,synthetic
2026-04-01 18:54:32+00:00,drone,Prince Sultan Air Base,Al-Kharj,24.083023,47.668241,synthetic
2026-03-26 13:36:52+00:00,drone,Eastern Region,Eastern Region,26.38251,50.060294,synthetic
2026-03-04 05:58:29+00:00,drone,Eastern Region,Eastern Region,26.448755,50.064722,synthetic
2025-10-04 03:11:42+00:00,mixed,Riyadh City,Riyadh,24.758831,46.73013,synthetic
2026-03-07 07:30:54+00:00,drone,East of Al-Jouf Region,Al-Jouf,29.888349,40.32811,synthetic
2026-04-18 12:38:08+00:00,mixed,Al-Kharj,Al-Kharj,24.146908,47.344317,synthetic
2026-05-09 16:53:54+00:00,mixed,Yanbu Industrial City,Yanbu,24.110087,38.202344,synthetic
2026-04-22 19:28:24+00:00,mixed,Eastern Region,Eastern Region,26.449164,50.079123,synthetic
2026-03-20 00:05:15+00:00,mixed,East of Kharj Governorate,Al-Kharj,24.075585,47.485189,synthetic
2026-04-20 14:18:00+00:00,mixed,Riyadh,Riyadh,24.654457,46.721274,synthetic
2025-06-28 17:34:15+00:00,mixed,Prince Sultan Air Base,Al-Kharj,23.948632,47.535223,synthetic
2026-04-22 00:43:11+00:00,mixed,East of Kharj Governorate,Al-Kharj,24.11688,47.410583,synthetic
2026-05-10 14:09:13+00:00,mixed,Riyadh,Riyadh,24.684026,46.720674,synthetic
2026-04-25 09:26:31+00:00,drone,Eastern Region,Eastern Region,26.384956,50.055791,synthetic
2025-08-21 21:29:04+00:00,drone,Al-Kharj,Al-Kharj,24.135335,47.352562,synthetic
2025-06-05 19:44:18+00:00,mixed,Prince Sultan Air Base,Al-Kharj,24.020316,47.464126,synthetic
2026-03-04 06:52:58+00:00,drone,Yanbu,Yanbu,24.068506,37.987699,synthetic
2026-02-21 07:38:10+00:00,drone,Eastern Region,Eastern Region,26.52448,50.048495,synthetic
2026-03-10 13:24:24+00:00,drone,Prince Sultan Air Base,Al-Kharj,24.100907,47.651352,synthetic
2026-05-06 15:39:17+00:00,mixed,Yanbu Port,Yanbu,24.068423,38.107101,synthetic
2026-04-25 23:41:44+00:00,drone,Eastern Region,Eastern Region,26.330278,50.137751,synthetic
2026-01-04 06:11:36+00:00,drone,Ras Tanura Oil Refinery,Eastern Region,26.684083,50.239197,synthetic
2025-08-28 23:08:03+00:00,drone,Eastern Region,Eastern Region,26.434068,50.142264,synthetic
2026-04-01 02:48:04+00:00,mixed,Eastern Region,Eastern Region,26.415415,50.162422,synthetic
2026-02-24 23:13:40+00:00,drone,East of Al-Jouf Region,Al-Jouf,29.940893,40.25092,synthetic
2026-05-16 12:09:22+00:00,drone,Eastern Region,Eastern Region,26.352821,50.138532,synthetic
2026-03-19 02:23:37+00:00,drone,Eastern Region,Eastern Region,26.527878,50.137078,synthetic
2026-01-15 06:29:25+00:00,drone,Riyadh,Riyadh,24.787611,46.709404,synthetic
2026-01-15 22:59:02+00:00,drone,Riyadh City,Riyadh,24.708443,46.764607,synthetic
2026-01-15 02:46:42+00:00,mixed,East of Kharj City,Al-Kharj,24.105237,47.302012,synthetic
2026-03-21 03:36:22+00:00,drone,Riyadh City – US Embassy,Riyadh,24.749743,46.7897,synthetic
2026-01-09 13:33:33+00:00,mixed,Yanbu Petroleum Facility,Yanbu,24.045417,38.162005,synthetic
2026-03-25 22:21:02+00:00,drone,Eastern Region,Eastern Region,26.347026,50.051444,synthetic
2025-06-13 22:56:32+00:00,mixed,Riyadh,Riyadh,24.696833,46.649957,synthetic
2026-05-01 07:34:30+00:00,mixed,Yanbu,Yanbu,24.15217,38.082614,synthetic
2025-11-16 04:22:46+00:00,drone,Empty Quarter – Shaybah Field,Eastern Region,26.282489,50.140152,synthetic
2025-07-12 08:36:28+00:00,drone,Riyadh Airport,Riyadh,24.934578,46.582632,synthetic
2025-09-24 21:58:54+00:00,drone,Empty Quarter – Shaybah Field,Eastern Region,26.494913,50.01127,synthetic
2026-01-16 13:14:39+00:00,mixed,Eastern Region,Eastern Region,26.429518,50.096243,synthetic
2025-08-03 18:45:03+00:00,drone,Eastern Region,Eastern Region,26.415024,50.141538,synthetic
2026-03-07 17:50:45+00:00,mixed,Riyadh,Riyadh,24.691778,46.570434,synthetic
2026-01-08 22:15:07+00:00,drone,Empty Quarter – Shaybah Field,Eastern Region,26.303819,50.123375,synthetic
2025-09-05 18:41:38+00:00,mixed,Empty Quarter – Shaybah Field,Eastern Region,26.500796,50.132011,synthetic
2026-03-23 10:55:31+00:00,mixed,Riyadh Region,Riyadh,24.718898,46.578955,synthetic
2025-08-02 18:51:33+00:00,drone,Eastern Region,Eastern Region,26.518348,50.118013,synthetic
2026-01-09 13:39:18+00:00,mixed,Prince Sultan Air Base,Al-Kharj,23.943599,47.626073,synthetic
2026-03-07 21:02:47+00:00,drone,Riyadh,Riyadh,24.786206,46.69511,synthetic
2025-06-21 04:17:04+00:00,mixed,Riyadh,Riyadh,24.67981,46.64633,synthetic
2025-07-17 16:46:16+00:00,drone,Eastern Region,Eastern Region,26.426252,50.137156,synthetic
2026-03-01 05:59:14+00:00,mixed,Riyadh,Riyadh,24.755578,46.666954,synthetic
2026-03-21 00:15:29+00:00,mixed,Eastern Region,Eastern Region,26.440845,50.090115,synthetic
2026-05-20 18:00:07+00:00,drone,Eastern Region,Eastern Region,26.30616,50.154211,synthetic
2026-04-18 07:47:15+00:00,mixed,Yanbu Port,Yanbu,24.024584,37.980127,synthetic
2025-07-23 09:43:25+00:00,drone,Riyadh,Riyadh,24.684224,46.640906,synthetic
2026-04-28 20:06:54+00:00,mixed,Kharj Governorate,Al-Kharj,24.250384,47.371928,synthetic
2026-04-11 15:23:01+00:00,drone,Riyadh,Riyadh,24.729243,46.773108,synthetic
2025-07-30 16:54:32+00:00,drone,Kharj Governorate,Al-Kharj,24.16313,47.351792,synthetic
2025-07-18 13:22:22+00:00,drone,Empty Quarter – Shaybah Field,Eastern Region,26.428548,50.060732,synthetic
2025-10-08 04:16:38+00:00,drone,Empty Quarter – Shaybah Field,Eastern Region,26.305803,50.120297,synthetic
2025-11-12 04:23:31+00:00,mixed,Eastern Region,Eastern Region,26.421523,50.130898,synthetic
2026-04-24 04:58:50+00:00,drone,Yanbu Port,Yanbu,24.060295,38.09188,synthetic
2025-05-22 19:44:30+00:00,mixed,Riyadh City,Riyadh,24.815485,46.713198,synthetic
2026-03-30 05:21:33+00:00,drone,Eastern Region,Eastern Region,26.436231,50.058642,synthetic
2025-11-03 04:48:14+00:00,mixed,Gas facility – Eastern Region,Eastern Region,26.592904,50.134337,synthetic
2025-06-21 17:21:52+00:00,drone,Empty Quarter – Shaybah Field,Eastern Region,26.443433,50.093555,synthetic
2025-11-05 22:42:30+00:00,mixed,East of Kharj City,Al-Kharj,24.025516,47.320308,synthetic
2025-12-26 10:09:18+00:00,drone,Eastern Region,Eastern Region,26.463953,50.143671,synthetic
2025-10-22 12:06:30+00:00,drone,Eastern Region,Eastern Region,26.323957,50.093131,synthetic
2026-03-10 06:23:16+00:00,drone,Eastern Region,Eastern Region,26.395813,50.186192,synthetic
2026-03-16 20:57:52+00:00,drone,Eastern Region,Eastern Region,26.39023,50.057422,synthetic
2026-03-18 17:36:53+00:00,drone,Hafr Al-Batin,Hafr Al-Batin,28.335064,45.96275,synthetic
2026-03-31 21:08:55+00:00,mixed,Eastern Region,Eastern Region,26.520507,50.263317,synthetic
2025-12-28 15:58:03+00:00,mixed,East of Kharj City,Al-Kharj,23.992498,47.293958,synthetic
2025-07-13 04:36:39+00:00,mixed,Prince Sultan Air Base,Al-Kharj,23.980159,47.678182,synthetic
2026-03-03 00:28:25+00:00,mixed,Yanbu,Yanbu,24.093378,37.95831,synthetic
2026-04-08 17:04:01+00:00,drone,Empty Quarter – Shaybah Field,Eastern Region,26.497853,50.105912,synthetic
2026-04-19 12:18:14+00:00,drone,Eastern Region,Eastern Region,26.417941,50.100926,synthetic
2025-09-15 17:10:10+00:00,drone,Area-A,Riyadh,24.765508,46.701136,synthetic
2026-03-10 23:06:48+00:00,drone,Yanbu,Yanbu,24.054205,38.045862,synthetic
2026-03-15 11:48:47+00:00,drone,Eastern Region,Eastern Region,26.432791,50.135684,synthetic
2025-10-11 05:24:52+00:00,drone,Yanbu Port,Yanbu,23.993885,38.104054,synthetic
2025-09-22 09:46:04+00:00,drone,Eastern Region,Eastern Region,26.412006,50.140488,synthetic
2025-07-16 00:15:27+00:00,mixed,East of Kharj Governorate,Al-Kharj,24.043744,47.362628,synthetic
2026-05-08 09:58:23+00:00,drone,Hafr Al-Batin,Hafr Al-Batin,28.345835,45.961681,synthetic
2025-12-07 09:33:47+00:00,mixed,North of Riyadh City,Riyadh,24.664001,46.696855,synthetic
2025-10-01 20:59:43+00:00,drone,Area-A,Riyadh,24.702238,46.672304,synthetic
2026-02-01 20:42:53+00:00,mixed,Riyadh,Riyadh,24.752004,46.678344,synthetic
2026-03-23 14:16:35+00:00,drone,Gas facility – Eastern Region,Eastern Region,26.527451,49.974019,synthetic
2025-08-20 02:25:52+00:00,mixed,Prince Sultan Air Base,Al-Kharj,24.002006,47.643949,synthetic
2026-03-26 13:00:29+00:00,drone,Empty Quarter – Shaybah Field,Eastern Region,26.422315,50.139749,synthetic
2025-08-27 15:35:28+00:00,drone,Eastern Region,Eastern Region,26.431503,50.015579,synthetic
2025-12-03 22:27:58+00:00,mixed,North of Riyadh City,Riyadh,24.735408,46.718857,synthetic
2025-08-15 23:45:56+00:00,drone,Eastern Region,Eastern Region,26.45385,50.171862,synthetic
2025-07-30 17:52:26+00:00,drone,Eastern Region,Eastern Region,26.462509,50.114385,synthetic
2026-03-27 22:13:42+00:00,mixed,Yanbu Port,Yanbu,23.950562,38.110331,synthetic
2025-10-27 18:39:55+00:00,drone,Yanbu Industrial City,Yanbu,24.003488,38.205796,synthetic
2025-09-13 21:14:39+00:00,mixed,Prince Sultan Air Base,Al-Kharj,24.018548,47.60357,synthetic
2026-03-02 14:16:48+00:00,drone,Eastern Region,Eastern Region,26.443327,50.194619,synthetic
2026-03-21 06:33:41+00:00,drone,Eastern Region,Eastern Region,26.462264,50.127226,synthetic
2025-12-02 15:44:06+00:00,mixed,Eastern Region,Eastern Region,26.447184,50.160975,synthetic
2026-03-11 18:17:54+00:00,mixed,Prince Sultan Air Base,Al-Kharj,24.062985,47.681843,synthetic
2026-03-03 00:21:07+00:00,drone,Ras Tanura Oil Refinery,Eastern Region,26.601377,50.176572,synthetic
2026-03-06 18:24:48+00:00,drone,Yanbu Port,Yanbu,24.060078,38.101322,synthetic
2026-03-26 01:03:08+00:00,mixed,Prince Sultan Air Base,Al-Kharj,24.106061,47.617185,synthetic
2026-05-02 22:22:19+00:00,drone,Eastern Region,Eastern Region,26.406682,50.08488,synthetic
2026-05-08 20:07:14+00:00,drone,Eastern Region,Eastern Region,26.4215,50.068416,synthetic
2026-03-21 03:48:40+00:00,mixed,Prince Sultan Air Base,Al-Kharj,24.032686,47.607905,synthetic
2026-03-21 14:06:50+00:00,drone,Eastern Region,Eastern Region,26.39634,50.130117,synthetic
2026-04-13 03:50:30+00:00,drone,Eastern Region,Eastern Region,26.388968,50.1008,synthetic
2026-04-06 03:06:21+00:00,mixed,Riyadh,Riyadh,24.701389,46.662476,synthetic
2026-04-06 13:25:44+00:00,mixed,Yanbu Port,Yanbu,24.087052,38.037307,synthetic
2025-11-15 14:31:12+00:00,drone,Riyadh Region,Riyadh,24.684417,46.603911,synthetic
2025-06-17 11:54:06+00:00,drone,Eastern Region,Eastern Region,26.501377,50.172748,synthetic
2025-08-24 08:22:26+00:00,mixed,Yanbu Petroleum Facility,Yanbu,24.171993,37.982388,synthetic
2026-03-17 19:36:58+00:00,mixed,North of Riyadh City,Riyadh,24.757919,46.779193,synthetic
2026-04-27 15:23:31+00:00,mixed,East of Kharj Governorate,Al-Kharj,24.138601,47.319148,synthetic
2026-05-13 09:58:08+00:00,drone,Eastern Region,Eastern Region,26.465921,50.171808,synthetic
2026-04-04 00:09:28+00:00,mixed,Prince Sultan Air Base,Al-Kharj,24.01842,47.605796,synthetic
2025-08-20 13:20:56+00:00,drone,Eastern Region,Eastern Region,26.331028,50.120781,synthetic
2026-03-11 07:29:59+00:00,drone,Empty Quarter – Shaybah Field,Eastern Region,26.41745,50.097927,synthetic
2025-07-19 07:46:25+00:00,mixed,Riyadh,Riyadh,24.712395,46.708303,synthetic
2026-05-15 05:46:14+00:00,drone,Riyadh,Riyadh,24.677069,46.676274,synthetic
2026-03-16 00:30:21+00:00,mixed,Empty Quarter – Shaybah Field,Eastern Region,26.395698,50.097959,synthetic
2026-03-10 22:07:14+00:00,mixed,Eastern Region,Eastern Region,26.460243,50.206558,synthetic
2025-06-06 02:26:41+00:00,mixed,Prince Sultan Air Base,Al-Kharj,24.124898,47.699689,synthetic
2026-03-10 00:22:33+00:00,mixed,Area-A,Riyadh,24.690868,46.631055,synthetic
2026-03-10 05:17:34+00:00,mixed,Yanbu Refinery,Yanbu,24.12537,38.043735,synthetic
2026-03-10 02:20:35+00:00,drone,Yanbu Refinery,Yanbu,24.128082,38.070253,synthetic
2026-03-10 06:50:48+00:00,drone,Riyadh Region,Riyadh,24.786968,46.584543,synthetic
2025-06-02 05:10:58+00:00,drone,Eastern Region,Eastern Region,26.476176,50.174093,synthetic
2025-07-30 11:45:45+00:00,drone,Empty Quarter – Shaybah Field,Eastern Region,26.415277,49.990862,synthetic
2026-03-17 21:44:33+00:00,mixed,Eastern Region,Eastern Region,26.443956,50.128317,synthetic
2025-11-13 06:00:21+00:00,drone,Empty Quarter – Shaybah Field,Eastern Region,26.459527,50.084872,synthetic
2026-04-27 00:11:49+00:00,mixed,Riyadh,Riyadh,24.782893,46.669536,synthetic
2025-08-08 00:57:05+00:00,mixed,Yanbu Industrial City,Yanbu,24.044711,38.211918,synthetic
2026-04-17 06:39:51+00:00,mixed,East of Kharj Governorate,Al-Kharj,24.151558,47.359401,synthetic
2025-06-16 23:41:03+00:00,drone,Kharj Governorate,Al-Kharj,24.152145,47.376971,synthetic
2026-01-27 09:32:37+00:00,drone,Eastern Region,Eastern Region,26.436734,50.163206,synthetic
2025-06-13 15:12:20+00:00,mixed,Yanbu Petroleum Facility,Yanbu,24.126994,38.037895,synthetic
2025-05-25 15:23:33+00:00,drone,Eastern Region,Eastern Region,26.474314,50.162798,synthetic
2026-03-06 16:40:44+00:00,mixed,Riyadh,Riyadh,24.707676,46.656218,synthetic
2026-02-12 22:56:16+00:00,drone,Riyadh,Riyadh,24.745845,46.646149,synthetic
2025-11-22 05:26:44+00:00,drone,Empty Quarter – Shaybah Field,Eastern Region,26.354769,50.164806,synthetic
2025-07-14 01:29:22+00:00,drone,Eastern Region,Eastern Region,26.414239,50.008796,synthetic
2025-11-12 01:30:20+00:00,drone,Eastern Region,Eastern Region,26.465493,50.117684,synthetic
2025-12-08 17:22:03+00:00,drone,Riyadh,Riyadh,24.651901,46.678682,synthetic
2025-12-20 10:18:53+00:00,drone,Eastern Region,Eastern Region,26.348847,50.058677,synthetic
2026-03-07 08:42:24+00:00,drone,Eastern Region,Eastern Region,26.456617,49.992381,synthetic
2026-03-20 21:26:16+00:00,drone,Embassy District – Riyadh,Riyadh,24.646562,46.720366,synthetic
2025-12-29 18:05:09+00:00,drone,Riyadh,Riyadh,24.682271,46.664285,synthetic
2025-05-28 16:06:17+00:00,drone,Area-A,Riyadh,24.720488,46.709144,synthetic
2026-04-15 05:08:56+00:00,mixed,Prince Sultan Air Base,Al-Kharj,24.004811,47.522068,synthetic
2025-10-30 06:27:22+00:00,mixed,North of Riyadh City,Riyadh,24.677767,46.777131,synthetic
2025-11-17 10:48:05+00:00,drone,Riyadh Region,Riyadh,24.771239,46.696156,synthetic
2026-03-17 02:07:15+00:00,mixed,Riyadh Region,Riyadh,24.712255,46.647246,synthetic
2026-03-31 13:24:13+00:00,drone,Eastern Region,Eastern Region,26.472433,50.127344,synthetic
2026-03-31 00:41:10+00:00,mixed,Eastern Region,Eastern Region,26.397263,50.106056,synthetic
2026-03-31 08:26:35+00:00,drone,Eastern Region,Eastern Region,26.361111,50.193551,synthetic
2026-03-31 22:04:40+00:00,drone,Eastern Region,Eastern Region,26.472721,50.136114,synthetic
2026-03-31 00:01:50+00:00,drone,Eastern Region,Eastern Region,26.436741,50.073875,synthetic
2025-09-06 21:03:53+00:00,mixed,Eastern Region,Eastern Region,26.531103,50.068783,synthetic
2025-10-25 15:55:41+00:00,mixed,Riyadh,Riyadh,24.691346,46.678362,synthetic
2026-01-07 22:56:13+00:00,drone,Eastern Region,Eastern Region,26.426944,50.073068,synthetic
2026-03-29 05:19:39+00:00,drone,Hafr Al-Batin,Hafr Al-Batin,28.420977,45.895157,synthetic
2026-04-27 21:53:57+00:00,drone,Eastern Region,Eastern Region,26.437486,50.138295,synthetic
2026-03-13 15:42:52+00:00,drone,Area-A,Riyadh,24.735625,46.755019,synthetic
2026-04-03 17:15:39+00:00,mixed,East of Kharj Governorate,Al-Kharj,24.23296,47.385229,synthetic
2026-04-26 04:39:37+00:00,drone,Eastern Region,Eastern Region,26.428802,50.092058,synthetic
2026-03-10 21:52:28+00:00,drone,Eastern Region,Eastern Region,26.417991,50.153488,synthetic
2026-03-13 05:45:38+00:00,mixed,Empty Quarter – Shaybah Field,Eastern Region,26.417532,50.075123,synthetic
2025-07-10 07:34:24+00:00,drone,Eastern Region,Eastern Region,26.474281,50.059235,synthetic
2025-12-04 21:38:53+00:00,mixed,Riyadh,Riyadh,24.815238,46.684302,synthetic
2025-12-20 15:57:19+00:00,mixed,Area-A,Riyadh,24.730218,46.659301,synthetic
2026-03-30 06:57:40+00:00,mixed,Prince Sultan Air Base,Al-Kharj,24.02126,47.570746,synthetic
2026-03-06 10:29:04+00:00,mixed,Riyadh,Riyadh,24.730145,46.62335,synthetic
2026-04-16 04:56:30+00:00,mixed,Eastern Region,Eastern Region,26.428648,50.075637,synthetic
2026-04-04 03:23:46+00:00,drone,East of Kharj Governorate,Al-Kharj,24.05627,47.250594,synthetic
2025-09-04 09:15:07+00:00,mixed,Embassy District – Riyadh,Riyadh,24.628266,46.767931,synthetic
2025-10-11 12:19:24+00:00,mixed,Prince Sultan Air Base,Al-Kharj,23.984785,47.621811,synthetic
2025-07-14 19:17:28+00:00,drone,Ras Tanura Oil Refinery,Eastern Region,26.653559,50.242632,synthetic
2025-11-29 16:35:00+00:00,drone,Eastern Region,Eastern Region,26.406797,50.069891,synthetic
2026-03-01 02:55:41+00:00,mixed,Riyadh,Riyadh,24.746133,46.809924,synthetic
2026-04-06 03:15:06+00:00,drone,Riyadh,Riyadh,24.703679,46.761562,synthetic
2026-03-26 06:45:03+00:00,drone,Yanbu,Yanbu,24.041644,38.09768,synthetic
2025-09-06 21:17:48+00:00,drone,Eastern Region,Eastern Region,26.375891,50.118637,synthetic
2025-06-23 19:57:23+00:00,drone,Area-A,Riyadh,24.755701,46.64109,synthetic
2025-06-23 13:07:12+00:00,mixed,Riyadh,Riyadh,24.680027,46.663389,synthetic
2025-06-23 17:16:25+00:00,drone,Empty Quarter – Shaybah Field,Eastern Region,26.368774,50.103244,synthetic
2025-06-23 00:55:51+00:00,drone,Eastern Region,Eastern Region,26.421089,50.171238,synthetic
2026-01-27 00:27:12+00:00,mixed,Riyadh,Riyadh,24.677723,46.638935,synthetic
2026-03-13 20:40:20+00:00,drone,Eastern Region,Eastern Region,26.436842,50.133085,synthetic
2026-02-26 03:45:19+00:00,mixed,Prince Sultan Air Base,Al-Kharj,23.991769,47.510184,synthetic
2025-07-28 17:32:50+00:00,drone,Eastern Region,Eastern Region,26.457167,50.18607,synthetic
2026-03-25 18:37:25+00:00,drone,Eastern Region,Eastern Region,26.344167,50.15181,synthetic
2025-08-27 20:54:10+00:00,drone,Riyadh,Riyadh,24.764751,46.649133,synthetic
2025-08-07 04:55:24+00:00,mixed,Riyadh,Riyadh,24.665381,46.655485,synthetic
2026-03-22 07:33:18+00:00,drone,Empty Quarter – Shaybah Field,Eastern Region,26.410666,50.087887,synthetic
2026-03-23 05:20:11+00:00,drone,Al-Kharj,Al-Kharj,24.139848,47.272051,synthetic
2026-05-10 08:37:47+00:00,mixed,East of Kharj Governorate,Al-Kharj,24.229203,47.346547,synthetic
2026-03-06 16:06:30+00:00,drone,Riyadh Airport,Riyadh,24.992879,46.759249,synthetic
2026-03-24 07:31:49+00:00,drone,Prince Sultan Air Base,Al-Kharj,23.999373,47.572889,synthetic
2025-07-12 08:40:29+00:00,mixed,Riyadh Region,Riyadh,24.739471,46.645796,synthetic
2026-04-29 07:11:33+00:00,mixed,East of Kharj Governorate,Al-Kharj,24.162882,47.402688,synthetic
2025-07-12 18:53:01+00:00,mixed,Empty Quarter – Shaybah Field,Eastern Region,26.332674,50.158605,synthetic
2025-09-08 11:04:23+00:00,drone,Eastern Region,Eastern Region,26.475934,50.090512,synthetic
2025-09-08 08:29:53+00:00,mixed,East of Kharj Governorate,Al-Kharj,24.134136,47.310734,synthetic
2025-09-08 22:46:16+00:00,drone,Yanbu,Yanbu,24.022623,38.02251,synthetic
2025-06-28 15:30:15+00:00,drone,Eastern Region,Eastern Region,26.394148,50.114279,synthetic
2026-04-25 00:18:12+00:00,drone,Riyadh,Riyadh,24.7708,46.654338,synthetic
2025-09-11 19:31:50+00:00,drone,Eastern Region,Eastern Region,26.472731,50.118026,synthetic
2025-09-11 00:32:58+00:00,drone,Eastern Region,Eastern Region,26.400748,50.214133,synthetic
2025-09-11 08:53:37+00:00,mixed,Prince Sultan Air Base,Al-Kharj,24.122902,47.554186,synthetic
2025-09-11 11:26:41+00:00,drone,Eastern Region,Eastern Region,26.540193,50.013855,synthetic
2025-08-19 01:05:59+00:00,drone,Eastern Region,Eastern Region,26.428216,50.057788,synthetic
2026-04-18 23:56:08+00:00,drone,Eastern Region,Eastern Region,26.4309,50.180535,synthetic
2026-03-02 18:17:39+00:00,mixed,Riyadh Region,Riyadh,24.683809,46.605085,synthetic
2025-10-01 03:10:35+00:00,drone,Gas facility – Eastern Region,Eastern Region,26.503753,50.095434,synthetic
2025-08-20 18:49:15+00:00,drone,Yanbu Refinery,Yanbu,24.144384,38.085172,synthetic
2025-10-26 06:00:28+00:00,mixed,Prince Sultan Air Base,Al-Kharj,24.084584,47.606475,synthetic
2026-05-19 02:46:59+00:00,drone,Eastern Region,Eastern Region,26.478446,50.183645,synthetic
2025-12-29 06:59:02+00:00,mixed,East of Kharj City,Al-Kharj,24.118579,47.338632,synthetic
2026-01-08 16:28:32+00:00,drone,Eastern Region,Eastern Region,26.420788,50.112558,synthetic
2025-09-10 01:54:20+00:00,drone,Eastern Region,Eastern Region,26.443424,50.155863,synthetic
2026-03-27 18:06:28+00:00,drone,Yanbu Refinery,Yanbu,24.101452,38.117857,synthetic
2026-03-17 09:37:05+00:00,drone,Prince Sultan Air Base,Al-Kharj,24.096651,47.586281,synthetic
2026-03-29 14:26:48+00:00,mixed,Yanbu,Yanbu,24.101985,38.067437,synthetic
2026-01-10 10:24:17+00:00,drone,Eastern Region,Eastern Region,26.441407,50.12125,synthetic
2025-12-10 20:07:38+00:00,drone,Yanbu Petroleum Facility,Yanbu,24.128113,38.028973,synthetic
2026-04-02 17:00:03+00:00,mixed,Prince Sultan Air Base,Al-Kharj,24.108113,47.475323,synthetic
2026-01-21 10:26:59+00:00,drone,East of Kharj Governorate,Al-Kharj,24.29547,47.428615,synthetic
2026-01-07 18:55:56+00:00,mixed,Al-Kharj,Al-Kharj,24.152843,47.277537,synthetic
2026-03-09 15:32:50+00:00,mixed,Embassy District – Riyadh,Riyadh,24.729696,46.724889,synthetic
2026-04-20 21:39:00+00:00,drone,East of Al-Jouf Region,Al-Jouf,29.913229,40.35127,synthetic
2025-09-22 20:27:08+00:00,drone,Gas facility – Eastern Region,Eastern Region,26.481023,50.034622,synthetic
2025-12-04 23:10:34+00:00,drone,Prince Sultan Air Base,Al-Kharj,23.945203,47.480832,synthetic
2025-07-05 16:12:23+00:00,drone,Riyadh City,Riyadh,24.681665,46.672451,synthetic
2025-07-08 06:57:05+00:00,drone,Empty Quarter – Shaybah Field,Eastern Region,26.370343,50.099417,synthetic
2026-04-06 21:01:02+00:00,mixed,Area-A,Riyadh,24.69363,46.667482,synthetic
2025-12-01 00:45:03+00:00,drone,Eastern Region,Eastern Region,26.475309,50.08645,synthetic
2026-04-01 03:21:15+00:00,drone,Riyadh,Riyadh,24.743572,46.689841,synthetic
2025-12-27 06:35:45+00:00,drone,Eastern Region,Eastern Region,26.39269,50.108681,synthetic
2026-05-20 19:43:07+00:00,mixed,Prince Sultan Air Base,Al-Kharj,24.055846,47.412927,synthetic
2026-05-19 11:58:05+00:00,drone,Yanbu,Yanbu,24.084775,38.089476,synthetic
2026-03-16 23:19:05+00:00,drone,Empty Quarter – Shaybah Field,Eastern Region,26.436872,50.148516,synthetic
2025-11-14 00:02:51+00:00,mixed,Yanbu Petroleum Facility,Yanbu,24.130142,38.178744,synthetic
2025-07-25 11:17:56+00:00,drone,Al-Kharj,Al-Kharj,23.989995,47.265396,synthetic
2025-09-06 06:19:56+00:00,drone,Eastern Region,Eastern Region,26.429214,50.097202,synthetic
2025-07-30 10:18:05+00:00,drone,Empty Quarter – Shaybah Field,Eastern Region,26.404238,50.032813,synthetic
2026-03-28 16:55:53+00:00,drone,Empty Quarter – Shaybah Field,Eastern Region,26.506777,50.095902,synthetic
2025-09-07 16:35:14+00:00,mixed,Eastern Region,Eastern Region,26.353615,50.10586,synthetic
2026-01-02 18:45:56+00:00,mixed,Riyadh,Riyadh,24.779232,46.742111,synthetic
2025-10-22 09:33:45+00:00,drone,Area-A,Riyadh,24.713214,46.710744,synthetic
2026-03-25 00:07:17+00:00,drone,Eastern Region,Eastern Region,26.484854,50.141446,synthetic
2026-03-25 07:55:50+00:00,drone,Eastern Region,Eastern Region,26.507136,50.130498,synthetic
2026-03-19 21:57:23+00:00,drone,Eastern Region,Eastern Region,26.425852,50.027131,synthetic
2025-09-26 07:38:33+00:00,mixed,Riyadh,Riyadh,24.731318,46.691974,synthetic
2026-04-14 08:09:23+00:00,mixed,Prince Sultan Air Base,Al-Kharj,23.952392,47.577682,synthetic
2025-11-01 15:23:52+00:00,mixed,East of Kharj Governorate,Al-Kharj,24.245229,47.373743,synthetic
2025-10-18 00:37:42+00:00,drone,Area-A,Riyadh,24.746621,46.755099,synthetic
2026-03-30 08:40:57+00:00,drone,Empty Quarter – Shaybah Field,Eastern Region,26.414748,50.041986,synthetic
2025-08-27 15:04:25+00:00,drone,Eastern Region,Eastern Region,26.395105,50.167728,synthetic
2026-01-31 01:57:02+00:00,drone,Empty Quarter – Shaybah Field,Eastern Region,26.457477,50.15135,synthetic
2025-05-21 22:27:51+00:00,drone,Eastern Region,Eastern Region,26.376024,50.178342,synthetic
2026-04-23 16:23:13+00:00,drone,Eastern Region,Eastern Region,26.479395,50.135376,synthetic
2026-05-09 02:30:25+00:00,drone,Eastern Region,Eastern Region,26.445858,50.052477,synthetic
2026-04-23 05:42:52+00:00,mixed,East of Kharj Governorate,Al-Kharj,24.217233,47.404721,synthetic
2026-03-02 07:17:08+00:00,mixed,Yanbu Refinery,Yanbu,24.193164,38.051629,synthetic
2025-11-23 20:22:49+00:00,drone,East of Kharj City,Al-Kharj,24.111205,47.292128,synthetic
2026-03-29 09:22:38+00:00,drone,Yanbu Port,Yanbu,23.972837,38.057866,synthetic
2025-08-15 17:55:40+00:00,drone,Yanbu,Yanbu,24.058931,38.022103,synthetic
2025-09-08 04:07:50+00:00,drone,Eastern Region,Eastern Region,26.453167,50.09223,synthetic
2026-05-02 12:39:16+00:00,drone,Ras Tanura Oil Refinery,Eastern Region,26.601334,50.222797,synthetic
2026-05-17 15:45:09+00:00,drone,Eastern Region,Eastern Region,26.295506,50.103154,synthetic
2025-06-02 05:18:26+00:00,mixed,Empty Quarter – Shaybah Field,Eastern Region,26.443768,50.06342,synthetic
2026-05-19 20:33:25+00:00,drone,Prince Sultan Air Base,Al-Kharj,24.070823,47.532149,synthetic
2025-10-05 16:28:40+00:00,drone,Eastern Region,Eastern Region,26.385053,50.175524,synthetic
2026-04-15 01:39:17+00:00,drone,Hafr Al-Batin,Hafr Al-Batin,28.35581,45.881905,synthetic
2026-01-16 16:39:41+00:00,mixed,Yanbu Refinery,Yanbu,24.110322,38.059548,synthetic
2026-04-28 16:31:50+00:00,drone,Al-Kharj,Al-Kharj,24.095854,47.349231,synthetic
2025-05-28 08:04:04+00:00,mixed,Riyadh Region,Riyadh,24.765443,46.66803,synthetic
2025-07-24 12:51:26+00:00,mixed,Empty Quarter – Shaybah Field,Eastern Region,26.393339,50.013269,synthetic
2025-08-15 16:05:57+00:00,drone,Hafr Al-Batin,Hafr Al-Batin,28.500883,45.954722,synthetic
2025-09-29 08:51:48+00:00,drone,Eastern Region,Eastern Region,26.465837,50.11968,synthetic
2026-03-28 20:30:26+00:00,drone,Eastern Region,Eastern Region,26.391463,50.105219,synthetic
2026-03-28 14:28:42+00:00,drone,Empty Quarter – Shaybah Field,Eastern Region,26.410056,49.960773,synthetic
2026-03-28 11:05:14+00:00,drone,Eastern Region,Eastern Region,26.499601,50.119744,synthetic
2025-06-26 04:37:25+00:00,drone,Riyadh,Riyadh,24.728349,46.689553,synthetic
2025-08-11 19:41:38+00:00,mixed,Ras Tanura Oil Refinery,Eastern Region,26.67556,50.333706,synthetic
2025-11-26 17:02:47+00:00,drone,Eastern Region,Eastern Region,26.362557,50.081989,synthetic
2025-11-26 10:47:25+00:00,drone,Gas facility – Eastern Region,Eastern Region,26.537802,50.031594,synthetic
2025-11-26 17:03:52+00:00,mixed,Eastern Region,Eastern Region,26.415872,50.148043,synthetic
2025-11-26 01:35:43+00:00,mixed,East of Kharj Governorate,Al-Kharj,24.074683,47.341844,synthetic
2025-11-26 05:33:02+00:00,drone,Riyadh,Riyadh,24.73652,46.752095,synthetic
2025-10-06 11:40:37+00:00,mixed,Eastern Region,Eastern Region,26.336411,50.153185,synthetic
2026-04-26 13:59:31+00:00,drone,Riyadh,Riyadh,24.692379,46.609961,synthetic
2026-03-29 13:22:54+00:00,drone,Prince Sultan Air Base,Al-Kharj,23.987012,47.59786,synthetic
2026-01-24 23:17:10+00:00,drone,Eastern Region,Eastern Region,26.486683,50.225259,synthetic
2025-08-26 15:59:43+00:00,mixed,East of Kharj Governorate,Al-Kharj,24.133441,47.319197,synthetic
2026-03-25 00:53:56+00:00,mixed,Al-Kharj,Al-Kharj,24.065301,47.337039,synthetic
2025-11-19 02:01:53+00:00,mixed,Area-A,Riyadh,24.690537,46.712994,synthetic
2026-03-11 21:54:28+00:00,drone,Eastern Region,Eastern Region,26.419269,50.158399,synthetic
2025-09-22 19:55:01+00:00,mixed,Riyadh,Riyadh,24.725034,46.678995,synthetic
2025-12-28 09:40:22+00:00,mixed,Prince Sultan Air Base,Al-Kharj,24.00937,47.645532,synthetic
2025-07-23 13:39:43+00:00,drone,Yanbu,Yanbu,24.047555,38.061988,synthetic
2026-03-18 11:43:05+00:00,mixed,Empty Quarter – Shaybah Field,Eastern Region,26.389274,50.062903,synthetic
2026-03-06 20:40:32+00:00,mixed,Eastern Region,Eastern Region,26.478478,50.044106,synthetic
2026-03-14 19:24:10+00:00,drone,Riyadh,Riyadh,24.661061,46.700103,synthetic
2026-04-07 01:30:27+00:00,mixed,Yanbu,Yanbu,24.066976,38.150917,synthetic
2026-04-26 02:08:23+00:00,drone,Kharj Governorate,Al-Kharj,24.186918,47.340576,synthetic
2026-02-18 03:41:42+00:00,mixed,Prince Sultan Air Base,Al-Kharj,24.005242,47.544576,synthetic
2026-03-22 18:22:29+00:00,mixed,Riyadh Region,Riyadh,24.797161,46.746487,synthetic
2026-03-07 01:46:16+00:00,mixed,Prince Sultan Air Base,Al-Kharj,23.97854,47.623728,synthetic
2026-04-24 02:26:13+00:00,mixed,Riyadh City,Riyadh,24.677823,46.719324,synthetic
2025-08-04 12:41:39+00:00,drone,Eastern Region,Eastern Region,26.326935,50.125735,synthetic
2026-04-27 14:20:55+00:00,drone,Riyadh,Riyadh,24.69851,46.607113,synthetic
2026-03-01 21:39:02+00:00,mixed,East of Kharj Governorate,Al-Kharj,24.161025,47.403246,synthetic
2025-10-18 21:33:48+00:00,mixed,Riyadh Region,Riyadh,24.705168,46.647257,synthetic
2026-03-06 03:30:19+00:00,drone,East of Kharj Governorate,Al-Kharj,24.098806,47.485597,synthetic
2026-04-01 11:46:56+00:00,drone,Eastern Region,Eastern Region,26.378999,50.148566,synthetic
2026-02-10 19:36:32+00:00,mixed,Yanbu Port,Yanbu,23.975904,38.028179,synthetic
2026-01-22 15:47:20+00:00,drone,Eastern Region,Eastern Region,26.42379,50.151616,synthetic
2025-12-17 17:33:35+00:00,drone,Riyadh City,Riyadh,24.761384,46.691441,synthetic
2025-12-25 23:55:14+00:00,drone,Eastern Region,Eastern Region,26.380874,50.114329,synthetic
2025-09-05 09:24:53+00:00,mixed,Eastern Region,Eastern Region,26.483769,50.15189,synthetic
2026-04-22 19:11:05+00:00,drone,Empty Quarter – Shaybah Field,Eastern Region,26.409053,50.058959,synthetic
2026-02-22 20:54:10+00:00,mixed,East of Kharj Governorate,Al-Kharj,24.209853,47.385811,synthetic
2026-03-25 05:50:43+00:00,drone,Eastern Region,Eastern Region,26.447522,50.140378,synthetic
2026-03-31 22:11:41+00:00,drone,Eastern Region,Eastern Region,26.478358,50.195127,synthetic
2026-05-04 22:26:52+00:00,drone,East of Al-Jouf Region,Al-Jouf,29.997172,40.167851,synthetic
2026-01-30 07:47:50+00:00,drone,Kharj Governorate,Al-Kharj,24.253406,47.316342,synthetic
2026-04-21 13:49:04+00:00,mixed,Eastern Region,Eastern Region,26.3994,50.110925,synthetic
2025-12-06 17:39:39+00:00,drone,East of Al-Jouf Region,Al-Jouf,29.888607,40.210882,synthetic
2025-12-13 17:54:47+00:00,mixed,Prince Sultan Air Base,Al-Kharj,24.015505,47.640463,synthetic
2026-01-25 12:09:49+00:00,drone,Empty Quarter – Shaybah Field,Eastern Region,26.503185,50.07303,synthetic
2025-09-05 00:40:18+00:00,drone,Yanbu,Yanbu,24.145099,38.041967,synthetic
2026-03-22 01:51:25+00:00,drone,Eastern Region,Eastern Region,26.479693,50.158805,synthetic
2025-06-27 03:23:46+00:00,drone,Eastern Region,Eastern Region,26.465898,50.081923,synthetic
2025-06-28 10:21:16+00:00,drone,Hafr Al-Batin,Hafr Al-Batin,28.359033,46.062345,synthetic
2026-03-01 23:38:56+00:00,mixed,Eastern Region,Eastern Region,26.372996,50.155698,synthetic
2025-08-23 10:05:32+00:00,drone,Riyadh,Riyadh,24.702255,46.620634,synthetic
2026-04-27 23:33:06+00:00,drone,Area-A,Riyadh,24.745013,46.720661,synthetic
2025-09-02 07:31:41+00:00,drone,Empty Quarter – Shaybah Field,Eastern Region,26.342135,50.174444,synthetic
2025-11-17 12:42:32+00:00,mixed,Eastern Region,Eastern Region,26.422864,50.248732,synthetic
2026-03-01 21:50:40+00:00,drone,Eastern Region,Eastern Region,26.511646,50.150764,synthetic
2026-03-25 20:41:00+00:00,drone,Eastern Region,Eastern Region,26.416956,50.198751,synthetic
2026-01-31 01:40:14+00:00,drone,Eastern Region,Eastern Region,26.362035,50.116101,synthetic
2026-04-03 23:19:56+00:00,drone,Area-A,Riyadh,24.637394,46.663953,synthetic
2026-04-12 23:48:49+00:00,drone,Eastern Region,Eastern Region,26.4129,50.154188,synthetic
2026-03-19 14:49:17+00:00,mixed,Area-A,Riyadh,24.764751,46.766452,synthetic
2026-05-17 23:08:30+00:00,mixed,Eastern Region,Eastern Region,26.435012,50.117991,synthetic
2025-10-23 05:54:43+00:00,mixed,Yanbu Industrial City,Yanbu,24.144305,38.271053,synthetic
2025-11-21 20:00:01+00:00,mixed,Prince Sultan Air Base,Al-Kharj,24.077552,47.551838,synthetic
2026-03-01 17:10:52+00:00,drone,Riyadh,Riyadh,24.65007,46.673797,synthetic
2025-08-23 03:29:57+00:00,drone,Eastern Region,Eastern Region,26.416013,50.119424,synthetic
2025-08-20 07:37:35+00:00,drone,Yanbu,Yanbu,24.184741,38.061596,synthetic
2025-06-28 23:11:08+00:00,drone,Riyadh,Riyadh,24.691428,46.622601,synthetic
2026-03-16 16:32:42+00:00,drone,Eastern Region,Eastern Region,26.405466,50.160345,synthetic
2026-03-07 10:14:04+00:00,mixed,Yanbu,Yanbu,23.972128,38.041253,synthetic
2026-01-19 02:42:32+00:00,mixed,Eastern Region,Eastern Region,26.432386,50.092038,synthetic
2025-11-20 21:42:59+00:00,drone,Eastern Region,Eastern Region,26.455754,50.20493,synthetic
2025-06-29 07:29:32+00:00,drone,Eastern Region,Eastern Region,26.375138,50.056176,synthetic
2026-04-13 11:29:37+00:00,mixed,Riyadh Airport,Riyadh,24.976796,46.687274,synthetic
2025-12-23 11:23:12+00:00,drone,Riyadh Region,Riyadh,24.673315,46.651734,synthetic
2025-11-20 12:03:02+00:00,drone,Empty Quarter – Shaybah Field,Eastern Region,26.353285,49.991323,synthetic
2026-03-13 16:30:03+00:00,drone,Eastern Region,Eastern Region,26.39371,50.075264,synthetic
2026-01-10 00:55:39+00:00,mixed,Riyadh Region,Riyadh,24.739438,46.655573,synthetic
2026-03-25 11:06:25+00:00,drone,Yanbu Industrial City,Yanbu,23.999009,38.163573,synthetic
2026-03-31 06:16:47+00:00,drone,Yanbu Industrial City,Yanbu,24.066312,38.168636,synthetic
2025-08-17 18:10:33+00:00,drone,East of Al-Jouf Region,Al-Jouf,29.901012,40.232649,synthetic
2025-12-24 21:38:13+00:00,mixed,Eastern Region,Eastern Region,26.406768,50.15481,synthetic
2026-03-22 11:54:07+00:00,mixed,East of Kharj Governorate,Al-Kharj,24.194985,47.380082,synthetic
2025-05-26 17:59:09+00:00,drone,Empty Quarter – Shaybah Field,Eastern Region,26.396426,50.083412,synthetic
2026-03-01 04:19:31+00:00,drone,Al-Kharj,Al-Kharj,24.196388,47.357141,synthetic
2026-04-23 09:38:41+00:00,drone,Empty Quarter – Shaybah Field,Eastern Region,26.453177,50.02224,synthetic
2026-03-07 03:45:32+00:00,drone,Eastern Region,Eastern Region,26.479717,50.049456,synthetic
2026-03-14 21:01:26+00:00,mixed,East of Kharj Governorate,Al-Kharj,24.14505,47.311433,synthetic
2025-10-18 12:45:35+00:00,mixed,Riyadh,Riyadh,24.809388,46.665832,synthetic
2025-11-27 17:16:23+00:00,drone,Eastern Region,Eastern Region,26.352468,50.151055,synthetic
2025-05-25 23:42:50+00:00,mixed,Yanbu Petroleum Facility,Yanbu,24.056827,38.006742,synthetic
2026-04-03 00:45:03+00:00,mixed,Eastern Region,Eastern Region,26.440956,50.102474,synthetic
2025-07-15 13:44:02+00:00,mixed,Eastern Region,Eastern Region,26.403438,50.088587,synthetic
2025-10-13 04:42:01+00:00,mixed,Eastern Region,Eastern Region,26.416259,50.092923,synthetic
2026-03-15 12:33:11+00:00,mixed,Eastern Region,Eastern Region,26.397992,50.100927,synthetic
2025-10-15 05:43:30+00:00,drone,Eastern Region,Eastern Region,26.438184,50.154532,synthetic
2026-03-30 02:25:32+00:00,drone,Empty Quarter – Shaybah Field,Eastern Region,26.317611,50.008932,synthetic
2026-03-17 18:02:13+00:00,mixed,East of Kharj City,Al-Kharj,24.096202,47.374715,synthetic
2025-07-09 07:41:51+00:00,mixed,Area-A,Riyadh,24.676119,46.685268,synthetic
2026-03-28 22:47:36+00:00,mixed,Riyadh,Riyadh,24.617702,46.753751,synthetic
2025-12-29 18:56:25+00:00,drone,Riyadh Region,Riyadh,24.681619,46.631559,synthetic
2025-12-29 00:46:35+00:00,mixed,Area-A,Riyadh,24.761338,46.696973,synthetic
2025-12-29 00:45:14+00:00,drone,Riyadh,Riyadh,24.69323,46.702204,synthetic
2025-06-23 09:50:03+00:00,mixed,Empty Quarter – Shaybah Field,Eastern Region,26.379444,50.073893,synthetic
2025-08-29 06:24:18+00:00,drone,Eastern Region,Eastern Region,26.397511,50.016675,synthetic
2026-05-16 12:29:05+00:00,mixed,Eastern Region,Eastern Region,26.369602,50.162122,synthetic
2025-08-04 18:59:52+00:00,mixed,East of Kharj Governorate,Al-Kharj,24.20449,47.396824,synthetic
2025-10-19 23:40:14+00:00,mixed,Riyadh,Riyadh,24.655137,46.800386,synthetic
2026-04-29 21:30:29+00:00,mixed,Prince Sultan Air Base,Al-Kharj,23.988625,47.634419,synthetic
2026-03-19 06:28:43+00:00,drone,Eastern Region,Eastern Region,26.40571,50.150752,synthetic
2026-04-06 08:41:19+00:00,drone,Riyadh,Riyadh,24.686199,46.63241,synthetic
2025-09-08 04:12:50+00:00,drone,Riyadh Region,Riyadh,24.695905,46.690112,synthetic
2026-02-02 20:44:08+00:00,mixed,Prince Sultan Air Base,Al-Kharj,24.022068,47.549543,synthetic
2026-03-01 02:03:00+00:00,drone,Eastern Region,Eastern Region,26.436443,50.129956,synthetic
2026-04-07 07:52:49+00:00,mixed,Al-Kharj,Al-Kharj,24.169186,47.305639,synthetic
2025-10-20 06:08:45+00:00,drone,Riyadh,Riyadh,24.692992,46.682767,synthetic
2026-01-29 08:35:01+00:00,drone,Eastern Region,Eastern Region,26.418124,50.118132,synthetic
2026-03-30 13:26:23+00:00,mixed,Eastern Region,Eastern Region,26.459874,50.092146,synthetic
2026-01-09 11:30:30+00:00,drone,Yanbu Refinery,Yanbu,24.135195,38.087307,synthetic
2026-03-11 12:26:19+00:00,drone,Eastern Region,Eastern Region,26.45534,50.116517,synthetic
2025-07-27 04:36:57+00:00,mixed,Yanbu Refinery,Yanbu,24.193664,38.049477,synthetic
2025-11-21 12:16:08+00:00,drone,East of Al-Jouf Region,Al-Jouf,29.981948,40.228752,synthetic
2025-11-21 10:32:34+00:00,mixed,East of Kharj City,Al-Kharj,24.174172,47.319424,synthetic
2025-11-21 18:54:04+00:00,mixed,Gas facility – Eastern Region,Eastern Region,26.489241,50.151264,synthetic
2025-11-21 08:52:18+00:00,mixed,East of Kharj Governorate,Al-Kharj,24.083948,47.330913,synthetic
2025-11-21 23:01:05+00:00,drone,Empty Quarter – Shaybah Field,Eastern Region,26.352245,49.989473,synthetic
2025-06-03 14:06:02+00:00,drone,Prince Sultan Air Base,Al-Kharj,23.963529,47.570053,synthetic
2025-11-24 05:55:56+00:00,mixed,Riyadh City,Riyadh,24.821802,46.668466,synthetic
2025-12-28 02:13:00+00:00,mixed,Eastern Region,Eastern Region,26.358685,50.148306,synthetic
2026-03-26 13:19:12+00:00,drone,Riyadh,Riyadh,24.743834,46.674119,synthetic
2025-10-25 23:59:58+00:00,mixed,Prince Sultan Air Base,Al-Kharj,23.994283,47.584495,synthetic
2025-11-01 22:10:45+00:00,drone,Yanbu,Yanbu,24.140351,37.973552,synthetic
2026-03-03 00:41:28+00:00,drone,North of Riyadh City,Riyadh,24.648728,46.669452,synthetic
2026-04-07 00:34:20+00:00,drone,Area-A,Riyadh,24.749411,46.69141,synthetic
2026-04-11 06:17:55+00:00,drone,East of Al-Jouf Region,Al-Jouf,29.898626,40.261052,synthetic
2026-04-14 07:42:25+00:00,drone,Eastern Region,Eastern Region,26.407909,50.043239,synthetic
2025-05-29 07:27:42+00:00,drone,Ras Tanura Oil Refinery,Eastern Region,26.691447,50.199175,synthetic
2025-12-16 12:47:06+00:00,drone,East of Al-Jouf Region,Al-Jouf,29.950579,40.233695,synthetic
2025-08-07 05:58:33+00:00,mixed,East of Kharj Governorate,Al-Kharj,24.133037,47.349795,synthetic
2026-04-04 06:21:48+00:00,mixed,Al-Kharj,Al-Kharj,24.146417,47.362161,synthetic
2026-05-19 18:46:21+00:00,mixed,Embassy District – Riyadh,Riyadh,24.704518,46.688382,synthetic
2025-10-12 01:07:56+00:00,mixed,Area-A,Riyadh,24.701709,46.735499,synthetic
2026-04-08 15:58:18+00:00,mixed,Prince Sultan Air Base,Al-Kharj,24.00973,47.538829,synthetic
2026-04-26 01:01:40+00:00,drone,Eastern Region,Eastern Region,26.38763,50.043937,synthetic
2025-08-31 20:55:07+00:00,mixed,Area-A,Riyadh,24.701457,46.653195,synthetic
2026-03-25 12:43:57+00:00,drone,Eastern Region,Eastern Region,26.376518,50.105196,synthetic
2025-09-20 14:03:21+00:00,drone,Riyadh,Riyadh,24.617868,46.640841,synthetic
2026-03-05 14:33:23+00:00,drone,Eastern Region,Eastern Region,26.450635,50.122289,synthetic
2026-03-18 11:44:58+00:00,drone,Riyadh,Riyadh,24.730103,46.726671,synthetic
2025-10-04 11:36:59+00:00,drone,Eastern Region,Eastern Region,26.473938,50.158894,synthetic
2026-03-08 02:26:22+00:00,mixed,Eastern Region,Eastern Region,26.341704,50.212785,synthetic
2026-04-29 04:37:08+00:00,drone,Prince Sultan Air Base,Al-Kharj,24.100557,47.457428,synthetic
2026-04-01 10:07:19+00:00,mixed,Riyadh,Riyadh,24.818428,46.621214,synthetic
2026-03-27 19:01:24+00:00,mixed,Prince Sultan Air Base,Al-Kharj,24.052162,47.613705,synthetic
2025-08-09 09:00:34+00:00,drone,Riyadh,Riyadh,24.739182,46.73276,synthetic
2025-08-16 22:48:41+00:00,drone,Yanbu Port,Yanbu,24.009765,38.09997,synthetic
2026-04-09 02:41:10+00:00,mixed,Riyadh,Riyadh,24.7212,46.664316,synthetic
2025-11-17 04:07:09+00:00,drone,Yanbu Port,Yanbu,24.073441,38.061995,synthetic
2025-10-15 06:00:59+00:00,drone,Eastern Region,Eastern Region,26.531744,50.095643,synthetic
2026-04-10 05:04:56+00:00,drone,Empty Quarter – Shaybah Field,Eastern Region,26.370004,50.080941,synthetic
2026-03-10 13:14:59+00:00,drone,East of Kharj Governorate,Al-Kharj,24.039797,47.349249,synthetic
2025-08-07 03:47:20+00:00,mixed,Riyadh Airport,Riyadh,24.966075,46.725859,synthetic
2026-04-04 22:50:38+00:00,drone,Hafr Al-Batin,Hafr Al-Batin,28.419766,45.927304,synthetic
2025-07-13 15:32:13+00:00,drone,Eastern Region,Eastern Region,26.408602,50.104903,synthetic
2026-03-06 10:31:43+00:00,mixed,Kharj Governorate,Al-Kharj,24.251663,47.373981,synthetic
2025-05-28 03:51:44+00:00,drone,Yanbu,Yanbu,24.093087,38.120034,synthetic
2026-03-19 21:07:01+00:00,mixed,Eastern Region,Eastern Region,26.500645,50.006901,synthetic
2026-04-27 08:42:31+00:00,drone,Yanbu,Yanbu,24.124867,38.11377,synthetic
2025-11-04 13:33:52+00:00,mixed,Riyadh City – US Embassy,Riyadh,24.743497,46.775617,synthetic
2026-05-16 19:12:40+00:00,drone,Prince Sultan Air Base,Al-Kharj,24.118526,47.562337,synthetic
2025-11-10 10:17:36+00:00,mixed,North of Riyadh City,Riyadh,24.684877,46.64592,synthetic
2025-08-25 04:14:36+00:00,drone,East of Kharj Governorate,Al-Kharj,24.12876,47.331525,synthetic
2026-04-24 18:14:11+00:00,mixed,Prince Sultan Air Base,Al-Kharj,24.038826,47.557334,synthetic
2026-04-17 14:24:07+00:00,mixed,Embassy District – Riyadh,Riyadh,24.598483,46.687308,synthetic
2025-10-04 12:43:03+00:00,mixed,Yanbu,Yanbu,24.098228,38.113128,synthetic
2025-12-24 01:21:20+00:00,mixed,Eastern Region,Eastern Region,26.417454,50.06111,synthetic
2025-08-11 10:51:20+00:00,drone,Eastern Region,Eastern Region,26.408702,50.073495,synthetic
2025-07-20 05:26:24+00:00,mixed,Riyadh City – US Embassy,Riyadh,24.705786,46.654438,synthetic
2025-07-20 18:36:55+00:00,drone,Eastern Region,Eastern Region,26.419935,50.049459,synthetic
2025-07-20 01:26:12+00:00,drone,Eastern Region,Eastern Region,26.478101,50.126253,synthetic
2026-03-24 08:04:41+00:00,drone,Eastern Region,Eastern Region,26.491802,50.105791,synthetic
2026-04-29 07:02:11+00:00,drone,Riyadh,Riyadh,24.743436,46.697364,synthetic
2025-06-14 18:48:39+00:00,drone,Eastern Region,Eastern Region,26.409745,50.168608,synthetic
2026-01-09 03:06:33+00:00,drone,Eastern Region,Eastern Region,26.438806,50.073066,synthetic
2026-04-03 20:54:58+00:00,drone,North of Riyadh City,Riyadh,24.718393,46.655382,synthetic
2025-10-11 07:13:20+00:00,mixed,Eastern Region,Eastern Region,26.480501,50.12307,synthetic
2026-03-14 14:57:37+00:00,mixed,Yanbu Industrial City,Yanbu,23.996814,38.281456,synthetic
2025-09-05 15:16:42+00:00,drone,North of Riyadh City,Riyadh,24.668653,46.733858,synthetic
2025-10-17 15:24:25+00:00,drone,Prince Sultan Air Base,Al-Kharj,23.993438,47.647938,synthetic
2025-06-02 17:20:03+00:00,drone,Eastern Region,Eastern Region,26.477358,50.034783,synthetic
2026-04-30 07:19:32+00:00,mixed,Riyadh City – US Embassy,Riyadh,24.768846,46.571402,synthetic
2026-03-23 21:52:16+00:00,mixed,Riyadh Airport,Riyadh,24.98638,46.721102,synthetic
2026-03-08 10:25:44+00:00,mixed,Prince Sultan Air Base,Al-Kharj,24.000399,47.630857,synthetic
2026-04-07 19:50:31+00:00,drone,Yanbu,Yanbu,24.105746,38.013125,synthetic
2026-03-06 00:32:56+00:00,drone,Eastern Region,Eastern Region,26.354567,50.125384,synthetic
2026-03-24 12:53:29+00:00,mixed,Eastern Region,Eastern Region,26.391113,50.135438,synthetic
2026-03-03 20:11:13+00:00,drone,Eastern Region,Eastern Region,26.353025,50.227704,synthetic
2025-06-02 16:11:54+00:00,drone,Eastern Region,Eastern Region,26.395401,50.120613,synthetic
2026-04-28 10:29:13+00:00,drone,Riyadh,Riyadh,24.688249,46.631515,synthetic
2026-03-10 03:00:16+00:00,drone,Riyadh Region,Riyadh,24.660643,46.672061,synthetic
2026-04-19 05:37:43+00:00,drone,Eastern Region,Eastern Region,26.451497,50.070828,synthetic
2025-05-23 21:43:46+00:00,mixed,Riyadh,Riyadh,24.783814,46.679117,synthetic
2025-05-23 13:11:01+00:00,mixed,Yanbu Refinery,Yanbu,24.092445,38.078455,synthetic
2026-03-09 00:43:39+00:00,mixed,Al-Kharj,Al-Kharj,24.122046,47.33426,synthetic
2026-04-13 18:42:07+00:00,drone,Eastern Region,Eastern Region,26.401907,50.084247,synthetic
2025-09-02 02:42:49+00:00,mixed,Empty Quarter – Shaybah Field,Eastern Region,26.420503,49.966952,synthetic
2026-03-18 07:30:44+00:00,mixed,Riyadh,Riyadh,24.799628,46.67061,synthetic
2025-08-09 02:57:10+00:00,mixed,Eastern Region,Eastern Region,26.493485,50.20346,synthetic
2025-10-23 06:21:25+00:00,drone,Area-A,Riyadh,24.700036,46.675374,synthetic
2026-04-15 20:43:33+00:00,drone,Eastern Region,Eastern Region,26.444914,50.175622,synthetic
2025-09-22 22:24:20+00:00,drone,East of Kharj Governorate,Al-Kharj,24.145909,47.415379,synthetic
2026-01-02 01:11:57+00:00,drone,Eastern Region,Eastern Region,26.516323,50.134477,synthetic
2026-04-10 02:09:04+00:00,mixed,Prince Sultan Air Base,Al-Kharj,24.043176,47.601434,synthetic
2025-06-18 16:25:30+00:00,mixed,Al-Kharj,Al-Kharj,24.107497,47.183428,synthetic
2026-04-05 08:53:53+00:00,drone,Eastern Region,Eastern Region,26.473013,50.103331,synthetic
2025-08-10 06:00:15+00:00,mixed,Eastern Region,Eastern Region,26.317673,50.164663,synthetic
2026-04-22 18:31:07+00:00,drone,Eastern Region,Eastern Region,26.437633,50.060885,synthetic
2026-03-13 19:08:21+00:00,drone,Eastern Region,Eastern Region,26.433008,50.074319,synthetic
2026-03-26 03:10:04+00:00,drone,Eastern Region,Eastern Region,26.39234,50.171665,synthetic
2025-12-31 22:32:32+00:00,drone,Prince Sultan Air Base,Al-Kharj,24.010077,47.577242,synthetic
2026-03-10 03:38:59+00:00,drone,East of Kharj Governorate,Al-Kharj,24.132224,47.414299,synthetic
2026-04-01 02:39:05+00:00,drone,Eastern Region,Eastern Region,26.474025,50.083638,synthetic
2026-03-03 11:54:44+00:00,drone,Riyadh,Riyadh,24.769339,46.70294,synthetic
2025-08-31 09:56:45+00:00,mixed,Eastern Region,Eastern Region,26.388327,50.097951,synthetic
2025-08-31 20:45:56+00:00,drone,Empty Quarter – Shaybah Field,Eastern Region,26.357807,50.026913,synthetic
2025-08-31 05:24:59+00:00,drone,Eastern Region,Eastern Region,26.427965,50.190805,synthetic
2025-08-31 16:12:12+00:00,drone,Eastern Region,Eastern Region,26.323429,50.10751,synthetic
2025-08-31 15:26:45+00:00,drone,Riyadh,Riyadh,24.740671,46.746524,synthetic
2026-05-14 00:52:01+00:00,drone,Eastern Region,Eastern Region,26.420879,50.154713,synthetic
2026-01-24 14:54:21+00:00,drone,Area-A,Riyadh,24.772048,46.697972,synthetic
2026-04-16 14:46:56+00:00,drone,Eastern Region,Eastern Region,26.424475,50.121754,synthetic
2026-03-14 18:20:20+00:00,drone,Eastern Region,Eastern Region,26.495515,50.120697,synthetic
2025-08-22 18:05:34+00:00,drone,Eastern Region,Eastern Region,26.413857,50.011425,synthetic
2026-03-15 06:49:27+00:00,drone,Riyadh Region,Riyadh,24.748874,46.670839,synthetic
2025-07-12 00:46:18+00:00,mixed,Yanbu Industrial City,Yanbu,24.041348,38.133994,synthetic
2025-07-25 10:17:59+00:00,drone,Eastern Region,Eastern Region,26.384274,50.068594,synthetic
2025-11-15 04:37:46+00:00,mixed,Prince Sultan Air Base,Al-Kharj,24.082871,47.583231,synthetic
2026-03-18 23:34:16+00:00,drone,Yanbu,Yanbu,24.056117,38.024654,synthetic
2025-07-31 11:17:48+00:00,drone,Eastern Region,Eastern Region,26.465689,50.131741,synthetic
2026-04-22 13:32:49+00:00,mixed,Riyadh Region,Riyadh,24.735614,46.613133,synthetic
2026-01-05 10:43:30+00:00,mixed,Riyadh,Riyadh,24.702327,46.690888,synthetic
2026-04-11 00:05:32+00:00,drone,Eastern Region,Eastern Region,26.492878,50.106794,synthetic
2025-09-20 12:17:52+00:00,mixed,Prince Sultan Air Base,Al-Kharj,23.971182,47.58001,synthetic
2025-07-19 06:20:29+00:00,mixed,East of Kharj Governorate,Al-Kharj,24.161685,47.310189,synthetic
2026-03-11 18:57:34+00:00,drone,Empty Quarter – Shaybah Field,Eastern Region,26.426126,50.054018,synthetic
2026-03-27 10:10:06+00:00,drone,Riyadh,Riyadh,24.773918,46.659656,synthetic
2025-07-21 15:54:30+00:00,drone,Riyadh,Riyadh,24.7493,46.676401,synthetic
2025-09-12 11:49:00+00:00,drone,East of Kharj Governorate,Al-Kharj,24.118381,47.464799,synthetic
2025-07-06 23:22:42+00:00,drone,Riyadh Region,Riyadh,24.683969,46.665007,synthetic
2026-04-01 11:35:09+00:00,drone,Ras Tanura Oil Refinery,Eastern Region,26.680922,50.295622,synthetic
2026-04-27 01:48:24+00:00,mixed,Prince Sultan Air Base,Al-Kharj,24.103734,47.521876,synthetic
2025-08-24 06:35:24+00:00,mixed,Riyadh City,Riyadh,24.753477,46.709697,synthetic
2025-08-24 11:19:59+00:00,mixed,Riyadh Region,Riyadh,24.646841,46.703,synthetic
2025-08-24 20:04:47+00:00,mixed,Riyadh,Riyadh,24.636251,46.6598,synthetic
2025-08-24 02:22:18+00:00,mixed,Eastern Region,Eastern Region,26.404591,50.168608,synthetic
2026-04-02 15:18:30+00:00,mixed,Area-A,Riyadh,24.821369,46.713899,synthetic
2026-04-02 16:10:18+00:00,drone,Ras Tanura Oil Refinery,Eastern Region,26.632326,50.193922,synthetic
2026-04-24 21:16:17+00:00,drone,Gas facility – Eastern Region,Eastern Region,26.39022,50.126128,synthetic
2026-01-24 09:39:30+00:00,mixed,Eastern Region,Eastern Region,26.346598,50.063626,synthetic
2026-04-08 04:25:24+00:00,drone,Area-A,Riyadh,24.680782,46.694635,synthetic
2026-03-04 08:27:04+00:00,drone,Eastern Region,Eastern Region,26.448244,50.050749,synthetic
2025-09-01 12:43:57+00:00,mixed,Eastern Region,Eastern Region,26.480972,50.157628,synthetic
2025-09-01 13:53:13+00:00,drone,Area-A,Riyadh,24.686709,46.682256,synthetic
2025-09-01 08:24:59+00:00,drone,Eastern Region,Eastern Region,26.375649,50.11838,synthetic
2026-01-12 20:33:40+00:00,drone,Eastern Region,Eastern Region,26.418518,50.127714,synthetic
2026-03-14 23:07:18+00:00,mixed,Eastern Region,Eastern Region,26.494278,50.175689,synthetic
2025-09-29 10:27:04+00:00,mixed,Riyadh,Riyadh,24.680218,46.631709,synthetic
2025-12-18 05:14:54+00:00,mixed,Riyadh,Riyadh,24.767577,46.62434,synthetic
2025-07-09 16:25:58+00:00,drone,Eastern Region,Eastern Region,26.453012,50.167978,synthetic
2025-08-20 08:36:21+00:00,mixed,East of Kharj City,Al-Kharj,24.086664,47.400438,synthetic
2026-03-04 22:16:36+00:00,drone,Eastern Region,Eastern Region,26.452131,50.185137,synthetic
2025-11-29 16:38:33+00:00,drone,Eastern Region,Eastern Region,26.427948,50.102005,synthetic
2026-01-24 18:45:23+00:00,drone,Riyadh Airport,Riyadh,24.864948,46.776543,synthetic
2026-04-07 07:28:37+00:00,mixed,Prince Sultan Air Base,Al-Kharj,24.054727,47.566541,synthetic
2025-06-07 17:22:20+00:00,drone,Eastern Region,Eastern Region,26.397629,50.131615,synthetic
2025-10-29 20:57:50+00:00,mixed,Riyadh City,Riyadh,24.739395,46.66558,synthetic
2025-10-11 21:58:50+00:00,drone,Riyadh Region,Riyadh,24.756504,46.655813,synthetic
2025-10-11 17:29:57+00:00,drone,Eastern Region,Eastern Region,26.353121,50.113712,synthetic
2025-10-11 06:23:48+00:00,mixed,Al-Kharj,Al-Kharj,24.118144,47.305411,synthetic
2026-03-26 14:30:48+00:00,drone,Eastern Region,Eastern Region,26.376566,50.097252,synthetic
2026-03-10 21:12:15+00:00,mixed,Yanbu,Yanbu,24.022306,37.984236,synthetic
2025-12-24 07:01:30+00:00,mixed,Riyadh City – US Embassy,Riyadh,24.764285,46.694849,synthetic
2026-04-20 03:54:05+00:00,drone,East of Al-Jouf Region,Al-Jouf,29.907797,40.288702,synthetic
2025-10-25 11:46:14+00:00,drone,Prince Sultan Air Base,Al-Kharj,24.027597,47.52722,synthetic
2025-12-20 05:02:30+00:00,mixed,East of Kharj Governorate,Al-Kharj,24.196612,47.349636,synthetic
2025-05-31 17:43:50+00:00,drone,Riyadh City,Riyadh,24.771288,46.680802,synthetic
2025-05-31 03:54:43+00:00,drone,East of Al-Jouf Region,Al-Jouf,30.044094,40.158061,synthetic
2025-05-31 20:16:38+00:00,mixed,Riyadh,Riyadh,24.744782,46.67471,synthetic
2025-11-22 09:28:31+00:00,mixed,East of Kharj Governorate,Al-Kharj,24.089499,47.375799,synthetic
2025-07-13 20:54:06+00:00,drone,Eastern Region,Eastern Region,26.362093,50.181445,synthetic
2025-09-17 04:45:00+00:00,mixed,Yanbu Port,Yanbu,24.065752,38.136445,synthetic
2025-09-27 20:00:04+00:00,mixed,Prince Sultan Air Base,Al-Kharj,24.052265,47.585799,synthetic
2025-05-28 02:47:34+00:00,mixed,Prince Sultan Air Base,Al-Kharj,24.014433,47.621914,synthetic
2026-01-03 15:47:17+00:00,mixed,Yanbu Industrial City,Yanbu,24.060754,38.251384,synthetic
2026-03-22 00:24:22+00:00,drone,Eastern Region,Eastern Region,26.457803,50.128799,synthetic
2025-09-06 15:09:31+00:00,drone,Eastern Region,Eastern Region,26.377691,50.133554,synthetic
2025-07-24 22:04:42+00:00,drone,Yanbu Refinery,Yanbu,24.173686,38.121555,synthetic
2026-03-30 02:58:14+00:00,mixed,Kharj Governorate,Al-Kharj,24.150803,47.450111,synthetic
2026-04-01 07:44:43+00:00,drone,Eastern Region,Eastern Region,26.359165,50.141347,synthetic
2026-04-10 18:06:20+00:00,mixed,Yanbu Petroleum Facility,Yanbu,24.108644,37.989725,synthetic
2025-08-23 18:32:06+00:00,drone,Eastern Region,Eastern Region,26.398119,50.116666,synthetic
2026-02-26 08:48:50+00:00,drone,East of Kharj Governorate,Al-Kharj,24.176696,47.373114,synthetic
2025-06-14 20:47:32+00:00,mixed,Eastern Region,Eastern Region,26.376784,50.08426,synthetic
2026-04-04 06:05:10+00:00,drone,Eastern Region,Eastern Region,26.374335,50.109269,synthetic
2025-12-03 22:48:51+00:00,drone,East of Kharj Governorate,Al-Kharj,24.089201,47.412228,synthetic
2025-11-02 18:03:45+00:00,drone,Eastern Region,Eastern Region,26.377645,50.058844,synthetic
2025-12-05 02:31:59+00:00,drone,Riyadh City – US Embassy,Riyadh,24.721487,46.728,synthetic
2025-08-20 17:14:39+00:00,mixed,Prince Sultan Air Base,Al-Kharj,24.071356,47.581171,synthetic
2025-10-09 08:28:35+00:00,mixed,Yanbu Industrial City,Yanbu,24.005869,38.160077,synthetic
2026-03-18 16:13:53+00:00,mixed,Area-A,Riyadh,24.651457,46.706316,synthetic
2026-04-11 03:35:27+00:00,drone,Eastern Region,Eastern Region,26.438877,50.16626,synthetic
2026-03-22 22:58:00+00:00,drone,Kharj Governorate,Al-Kharj,24.19293,47.382913,synthetic
2025-06-09 01:02:01+00:00,drone,Eastern Region,Eastern Region,26.419693,50.03482,synthetic
2025-05-22 18:03:34+00:00,drone,Empty Quarter – Shaybah Field,Eastern Region,26.432576,50.084589,synthetic
2026-02-20 15:50:42+00:00,mixed,Riyadh Region,Riyadh,24.734475,46.642665,synthetic
2026-03-01 12:22:07+00:00,mixed,Prince Sultan Air Base,Al-Kharj,24.019086,47.534548,synthetic
2025-09-22 01:19:24+00:00,mixed,Riyadh City,Riyadh,24.694807,46.720694,synthetic
2025-09-22 10:39:42+00:00,drone,Eastern Region,Eastern Region,26.460956,50.113385,synthetic
2025-09-22 17:52:42+00:00,mixed,Riyadh,Riyadh,24.667891,46.67528,synthetic
2025-09-22 13:48:43+00:00,drone,Gas facility – Eastern Region,Eastern Region,26.407065,50.082773,synthetic
2026-03-04 14:58:08+00:00,drone,Empty Quarter – Shaybah Field,Eastern Region,26.360436,50.049826,synthetic
2026-03-22 10:56:10+00:00,mixed,Yanbu Industrial City,Yanbu,24.059347,38.107395,synthetic
2026-04-03 15:32:26+00:00,mixed,Empty Quarter – Shaybah Field,Eastern Region,26.401774,50.144912,synthetic
2025-06-28 18:58:30+00:00,mixed,East of Kharj City,Al-Kharj,24.056922,47.356674,synthetic
2025-07-16 12:32:58+00:00,drone,Eastern Region,Eastern Region,26.353631,50.154685,synthetic
2025-12-10 00:43:44+00:00,drone,Yanbu Refinery,Yanbu,24.150488,38.169463,synthetic
2026-03-25 11:33:32+00:00,drone,Eastern Region,Eastern Region,26.429529,50.195347,synthetic
2026-04-13 10:07:34+00:00,mixed,Prince Sultan Air Base,Al-Kharj,24.026205,47.515727,synthetic
2026-03-04 12:25:58+00:00,drone,Eastern Region,Eastern Region,26.506738,50.168535,synthetic
2026-04-08 11:07:48+00:00,drone,Area-A,Riyadh,24.678954,46.645106,synthetic
2025-09-13 10:09:47+00:00,drone,Empty Quarter – Shaybah Field,Eastern Region,26.397238,50.075304,synthetic
2025-11-09 17:43:47+00:00,drone,East of Al-Jouf Region,Al-Jouf,29.918534,40.194162,synthetic
2026-03-21 11:15:32+00:00,drone,Eastern Region,Eastern Region,26.427277,50.19277,synthetic
2025-11-05 02:42:26+00:00,drone,Eastern Region,Eastern Region,26.454312,50.18439,synthetic
2026-01-15 06:26:57+00:00,mixed,East of Kharj Governorate,Al-Kharj,24.088671,47.288223,synthetic
2025-10-25 14:18:59+00:00,drone,Empty Quarter – Shaybah Field,Eastern Region,26.471011,50.156926,synthetic
2026-04-08 01:53:09+00:00,mixed,Eastern Region,Eastern Region,26.499146,50.07634,synthetic
2025-07-16 20:11:38+00:00,mixed,Eastern Region,Eastern Region,26.477259,50.199224,synthetic
2025-07-13 06:19:31+00:00,mixed,East of Kharj Governorate,Al-Kharj,24.096582,47.389575,synthetic
2026-02-26 10:21:55+00:00,drone,Riyadh Region,Riyadh,24.720814,46.716727,synthetic
2026-01-08 22:23:17+00:00,drone,Eastern Region,Eastern Region,26.347835,50.160974,synthetic
2026-04-23 08:24:53+00:00,mixed,Area-A,Riyadh,24.79718,46.755983,synthetic
2025-10-01 13:25:17+00:00,drone,Empty Quarter – Shaybah Field,Eastern Region,26.337663,50.05014,synthetic
2026-03-26 09:44:48+00:00,drone,Empty Quarter – Shaybah Field,Eastern Region,26.424564,50.11151,synthetic
2026-03-19 06:45:24+00:00,drone,East of Al-Jouf Region,Al-Jouf,29.975362,40.240355,synthetic
2025-05-27 14:20:57+00:00,drone,Eastern Region,Eastern Region,26.46265,50.160339,synthetic
2025-06-24 07:14:13+00:00,drone,Prince Sultan Air Base,Al-Kharj,24.044086,47.595417,synthetic
2026-01-19 22:13:02+00:00,drone,Riyadh,Riyadh,24.730909,46.640129,synthetic
2026-05-20 13:22:44+00:00,mixed,Prince Sultan Air Base,Al-Kharj,24.067372,47.573206,synthetic
2026-03-04 05:47:03+00:00,drone,Empty Quarter – Shaybah Field,Eastern Region,26.358518,50.036912,synthetic
2026-04-18 08:29:25+00:00,drone,Eastern Region,Eastern Region,26.379283,50.12473,synthetic
2026-05-13 16:56:02+00:00,drone,Hafr Al-Batin,Hafr Al-Batin,28.381599,46.040671,synthetic
2025-08-25 03:27:47+00:00,drone,Eastern Region,Eastern Region,26.403426,50.109097,synthetic
2026-03-14 13:08:08+00:00,drone,Eastern Region,Eastern Region,26.482795,50.11042,synthetic
2025-07-06 19:07:36+00:00,mixed,Area-A,Riyadh,24.700511,46.72578,synthetic
2026-03-05 04:25:03+00:00,drone,Empty Quarter – Shaybah Field,Eastern Region,26.427977,50.081093,synthetic
2026-04-26 01:07:10+00:00,drone,Eastern Region,Eastern Region,26.349716,50.14281,synthetic
2026-03-03 22:16:35+00:00,mixed,North of Riyadh City,Riyadh,24.725239,46.696184,synthetic
2026-01-29 06:48:24+00:00,drone,Eastern Region,Eastern Region,26.447947,50.190117,synthetic
2026-04-10 14:00:41+00:00,drone,Hafr Al-Batin,Hafr Al-Batin,28.43271,45.993499,synthetic
2026-03-15 01:15:15+00:00,drone,Eastern Region,Eastern Region,26.498586,50.171697,synthetic
2025-07-26 14:46:29+00:00,drone,North of Riyadh City,Riyadh,24.650915,46.644353,synthetic
2026-05-09 21:15:28+00:00,drone,Hafr Al-Batin,Hafr Al-Batin,28.412996,46.040031,synthetic
2026-01-31 20:11:47+00:00,drone,Area-A,Riyadh,24.73611,46.616505,synthetic
2025-11-02 02:32:47+00:00,drone,Eastern Region,Eastern Region,26.553689,50.135508,synthetic
2026-04-27 09:52:18+00:00,drone,Eastern Region,Eastern Region,26.411253,50.18896,synthetic
2025-12-13 11:11:01+00:00,drone,Eastern Region,Eastern Region,26.361658,50.182864,synthetic
2026-04-08 12:04:54+00:00,mixed,East of Kharj Governorate,Al-Kharj,24.207496,47.30971,synthetic
2026-03-02 11:22:39+00:00,drone,Empty Quarter – Shaybah Field,Eastern Region,26.366039,50.054161,synthetic
2026-03-19 04:27:21+00:00,drone,Empty Quarter – Shaybah Field,Eastern Region,26.452285,50.030892,synthetic
2026-04-17 04:30:10+00:00,drone,Empty Quarter – Shaybah Field,Eastern Region,26.394234,50.058948,synthetic
2026-03-17 04:35:19+00:00,mixed,Prince Sultan Air Base,Al-Kharj,24.023847,47.539285,synthetic
2026-04-13 05:47:23+00:00,mixed,Riyadh City – US Embassy,Riyadh,24.676556,46.794755,synthetic
2025-06-14 08:22:03+00:00,drone,Hafr Al-Batin,Hafr Al-Batin,28.326667,46.002082,synthetic
2025-06-15 10:07:30+00:00,mixed,Yanbu Refinery,Yanbu,24.124327,38.088219,synthetic
2025-06-04 20:06:05+00:00,mixed,Prince Sultan Air Base,Al-Kharj,23.95684,47.576202,synthetic
2025-06-04 01:42:05+00:00,drone,Riyadh,Riyadh,24.596033,46.696639,synthetic
2025-06-04 10:28:52+00:00,drone,Riyadh Region,Riyadh,24.70132,46.597911,synthetic
2025-06-04 15:04:47+00:00,drone,Eastern Region,Eastern Region,26.42417,50.106145,synthetic
2026-04-05 11:49:58+00:00,drone,Yanbu Port,Yanbu,24.047711,38.102569,synthetic
2026-05-04 16:06:35+00:00,drone,Eastern Region,Eastern Region,26.463703,50.139401,synthetic
2025-06-21 00:56:17+00:00,drone,Eastern Region,Eastern Region,26.420062,50.211794,synthetic
2025-09-01 13:17:44+00:00,drone,Empty Quarter – Shaybah Field,Eastern Region,26.398175,50.07562,synthetic
2026-04-06 10:13:04+00:00,mixed,Empty Quarter – Shaybah Field,Eastern Region,26.49403,50.109508,synthetic
2025-08-09 15:54:38+00:00,drone,East of Al-Jouf Region,Al-Jouf,29.954258,40.11431,synthetic
2026-03-27 05:17:46+00:00,drone,Eastern Region,Eastern Region,26.488739,50.105393,synthetic
2026-03-11 03:44:20+00:00,drone,Eastern Region,Eastern Region,26.427581,50.143963,synthetic
2025-10-11 02:35:44+00:00,drone,Gas facility – Eastern Region,Eastern Region,26.428263,50.121745,synthetic
2026-03-12 13:50:53+00:00,drone,Ras Tanura Oil Refinery,Eastern Region,26.643525,50.176371,synthetic
2025-07-07 20:50:22+00:00,mixed,Yanbu Refinery,Yanbu,24.139848,37.941778,synthetic
2025-05-23 12:47:24+00:00,mixed,Riyadh,Riyadh,24.724822,46.755895,synthetic
2025-11-22 05:16:48+00:00,mixed,Yanbu Port,Yanbu,24.013609,38.087301,synthetic
2025-10-05 01:22:32+00:00,drone,Empty Quarter – Shaybah Field,Eastern Region,26.352583,50.05122,synthetic
2026-01-22 10:11:26+00:00,drone,Eastern Region,Eastern Region,26.413161,50.061327,synthetic
2025-06-09 13:52:06+00:00,drone,Riyadh Airport,Riyadh,24.900711,46.774351,synthetic
2026-04-16 12:04:15+00:00,mixed,Embassy District – Riyadh,Riyadh,24.595739,46.735233,synthetic
2026-03-04 23:41:31+00:00,drone,Eastern Region,Eastern Region,26.473115,50.108257,synthetic
2025-07-09 09:23:35+00:00,drone,Eastern Region,Eastern Region,26.426684,50.15704,synthetic
2025-08-13 16:00:30+00:00,drone,Eastern Region,Eastern Region,26.383152,50.136355,synthetic
2026-04-30 23:59:25+00:00,drone,Riyadh Airport,Riyadh,24.940493,46.647221,synthetic
2025-08-05 16:42:40+00:00,mixed,Al-Kharj,Al-Kharj,24.195077,47.405302,synthetic
2026-04-25 10:01:09+00:00,drone,Yanbu,Yanbu,24.066689,38.053963,synthetic
2026-04-25 03:49:43+00:00,drone,Eastern Region,Eastern Region,26.531934,50.147156,synthetic
2026-04-25 14:05:14+00:00,drone,East of Al-Jouf Region,Al-Jouf,29.899537,40.22886,synthetic
2026-04-25 02:49:50+00:00,drone,Riyadh Airport,Riyadh,24.9678,46.639394,synthetic
2026-04-01 02:46:05+00:00,drone,Yanbu,Yanbu,24.048304,38.063854,synthetic
2026-03-26 16:02:48+00:00,drone,Eastern Region,Eastern Region,26.458884,50.101259,synthetic
2025-10-03 00:51:15+00:00,drone,Gas facility – Eastern Region,Eastern Region,26.516748,50.104393,synthetic
2025-12-07 06:07:03+00:00,drone,Prince Sultan Air Base,Al-Kharj,24.015514,47.495472,synthetic
2026-01-15 07:55:18+00:00,mixed,Empty Quarter – Shaybah Field,Eastern Region,26.400802,50.080776,synthetic
2025-11-22 07:10:47+00:00,drone,Kharj Governorate,Al-Kharj,24.150577,47.426066,synthetic
2026-03-12 02:40:02+00:00,drone,Empty Quarter – Shaybah Field,Eastern Region,26.363503,50.029894,synthetic
2025-10-27 09:30:28+00:00,drone,Riyadh Region,Riyadh,24.685367,46.624489,synthetic
2026-03-11 19:30:31+00:00,drone,Eastern Region,Eastern Region,26.400772,50.07238,synthetic
2026-03-27 19:18:22+00:00,drone,Eastern Region,Eastern Region,26.454134,50.083324,synthetic
2026-03-27 21:55:02+00:00,drone,Eastern Region,Eastern Region,26.485657,50.192772,synthetic
2026-03-27 17:37:17+00:00,drone,Riyadh Region,Riyadh,24.688044,46.716256,synthetic
2026-03-27 19:21:19+00:00,mixed,Eastern Region,Eastern Region,26.417964,50.083374,synthetic
2025-12-11 00:10:37+00:00,drone,Eastern Region,Eastern Region,26.465796,50.199406,synthetic
2025-08-15 11:25:12+00:00,drone,Eastern Region,Eastern Region,26.368149,50.017467,synthetic
2026-04-27 18:39:07+00:00,drone,Area-A,Riyadh,24.700352,46.697982,synthetic
2026-03-17 09:56:11+00:00,drone,Prince Sultan Air Base,Al-Kharj,24.065668,47.632013,synthetic
2026-04-22 01:59:19+00:00,drone,Eastern Region,Eastern Region,26.436949,50.171672,synthetic
2026-04-13 22:24:20+00:00,mixed,Riyadh,Riyadh,24.682403,46.671274,synthetic
2025-12-13 23:45:12+00:00,drone,Prince Sultan Air Base,Al-Kharj,24.066182,47.534548,synthetic
2026-04-06 19:52:38+00:00,drone,East of Al-Jouf Region,Al-Jouf,29.903064,40.134838,synthetic
2026-03-10 03:07:45+00:00,drone,Riyadh,Riyadh,24.702894,46.690498,synthetic
2026-03-10 00:13:44+00:00,mixed,Yanbu,Yanbu,24.151183,38.147097,synthetic
2026-03-10 12:21:54+00:00,drone,Empty Quarter – Shaybah Field,Eastern Region,26.398323,50.073766,synthetic
2026-03-10 16:59:37+00:00,mixed,Kharj Governorate,Al-Kharj,24.14766,47.351915,synthetic
2026-03-10 16:51:35+00:00,drone,Eastern Region,Eastern Region,26.482957,50.106144,synthetic
2026-03-07 21:18:46+00:00,mixed,Prince Sultan Air Base,Al-Kharj,24.054632,47.492711,synthetic
2026-04-06 02:51:13+00:00,drone,Eastern Region,Eastern Region,26.419218,50.118879,synthetic
2025-10-15 01:36:00+00:00,drone,Riyadh Region,Riyadh,24.71713,46.716159,synthetic
2025-10-13 13:40:46+00:00,drone,Eastern Region,Eastern Region,26.441539,50.070813,synthetic
2026-04-14 20:23:50+00:00,drone,Eastern Region,Eastern Region,26.470537,50.07979,synthetic
2026-03-02 22:50:05+00:00,drone,Riyadh City – US Embassy,Riyadh,24.77008,46.642489,synthetic
2026-04-06 15:58:54+00:00,drone,Eastern Region,Eastern Region,26.402466,50.042088,synthetic
2025-11-05 12:03:51+00:00,drone,Kharj Governorate,Al-Kharj,24.173283,47.365539,synthetic
2026-03-10 05:47:10+00:00,drone,Riyadh,Riyadh,24.714187,46.609939,synthetic
2026-04-30 02:09:47+00:00,mixed,Ras Tanura Oil Refinery,Eastern Region,26.666376,50.354613,synthetic
2025-08-23 05:20:40+00:00,mixed,Yanbu Port,Yanbu,24.131545,38.082877,synthetic
2025-05-24 11:31:05+00:00,mixed,Eastern Region,Eastern Region,26.428474,50.15031,synthetic
2025-10-05 19:48:13+00:00,drone,Eastern Region,Eastern Region,26.425846,50.117517,synthetic
2025-09-03 16:50:56+00:00,mixed,Area-A,Riyadh,24.694404,46.624723,synthetic
2025-11-19 11:29:35+00:00,drone,Eastern Region,Eastern Region,26.468813,50.027848,synthetic
2026-04-07 20:16:25+00:00,mixed,Riyadh City,Riyadh,24.739364,46.582621,synthetic
2025-09-29 03:57:59+00:00,drone,East of Al-Jouf Region,Al-Jouf,29.89168,40.209968,synthetic
2025-06-09 08:39:48+00:00,drone,Ras Tanura Oil Refinery,Eastern Region,26.633332,50.20419,synthetic
2025-12-20 01:16:46+00:00,drone,Empty Quarter – Shaybah Field,Eastern Region,26.459152,50.095824,synthetic
2026-03-04 22:04:37+00:00,drone,East of Al-Jouf Region,Al-Jouf,30.101774,40.192188,synthetic
2025-08-05 11:28:42+00:00,mixed,Eastern Region,Eastern Region,26.448013,50.121094,synthetic
2025-08-21 21:03:45+00:00,drone,Eastern Region,Eastern Region,26.401686,50.077166,synthetic
2025-09-08 20:53:40+00:00,drone,Eastern Region,Eastern Region,26.436537,50.174756,synthetic
2026-04-02 11:21:58+00:00,drone,Riyadh,Riyadh,24.67383,46.661397,synthetic
2025-11-26 22:06:44+00:00,mixed,Riyadh,Riyadh,24.693548,46.74192,synthetic
2026-03-29 05:34:15+00:00,drone,Prince Sultan Air Base,Al-Kharj,24.005431,47.667652,synthetic
2025-05-28 03:44:08+00:00,drone,Empty Quarter – Shaybah Field,Eastern Region,26.449839,50.019872,synthetic
2026-04-11 06:55:01+00:00,drone,Ras Tanura Oil Refinery,Eastern Region,26.642945,50.174636,synthetic
2026-04-06 03:39:53+00:00,mixed,Prince Sultan Air Base,Al-Kharj,24.096806,47.660723,synthetic
2025-09-13 13:31:24+00:00,drone,Riyadh,Riyadh,24.630627,46.721969,synthetic
2026-03-14 08:56:39+00:00,drone,Eastern Region,Eastern Region,26.454765,50.175613,synthetic
2026-04-15 15:47:11+00:00,drone,Eastern Region,Eastern Region,26.484285,50.083332,synthetic
2026-04-02 15:59:54+00:00,drone,Gas facility – Eastern Region,Eastern Region,26.412886,50.09755,synthetic
2026-03-27 03:24:19+00:00,drone,Area-A,Riyadh,24.786269,46.658053,synthetic
2025-11-29 08:36:22+00:00,drone,Eastern Region,Eastern Region,26.357064,50.079452,synthetic
2025-11-29 17:03:27+00:00,mixed,Eastern Region,Eastern Region,26.433486,50.137598,synthetic
2025-11-29 14:29:39+00:00,drone,Eastern Region,Eastern Region,26.440137,50.087637,synthetic
2026-02-07 22:48:30+00:00,mixed,Prince Sultan Air Base,Al-Kharj,23.990019,47.571219,synthetic
2026-03-11 21:53:09+00:00,drone,Riyadh,Riyadh,24.702849,46.689654,synthetic
2026-03-02 15:26:27+00:00,mixed,Eastern Region,Eastern Region,26.435498,50.111885,synthetic
2026-01-23 03:59:36+00:00,mixed,Riyadh Region,Riyadh,24.686371,46.62195,synthetic
2025-12-06 18:41:14+00:00,drone,Riyadh,Riyadh,24.737453,46.621633,synthetic
2025-07-24 14:22:35+00:00,mixed,Riyadh,Riyadh,24.724845,46.65401,synthetic
2026-03-24 12:40:27+00:00,mixed,East of Kharj Governorate,Al-Kharj,24.188375,47.404484,synthetic
2026-01-11 22:26:38+00:00,drone,Eastern Region,Eastern Region,26.320056,50.199979,synthetic
2026-01-11 23:33:27+00:00,drone,Empty Quarter – Shaybah Field,Eastern Region,26.397163,50.101031,synthetic
2026-01-11 03:53:31+00:00,drone,East of Al-Jouf Region,Al-Jouf,29.956516,40.148416,synthetic
2026-01-11 06:44:54+00:00,mixed,Prince Sultan Air Base,Al-Kharj,24.164075,47.535553,synthetic
2026-01-11 15:18:53+00:00,drone,Eastern Region,Eastern Region,26.448732,50.153524,synthetic
2025-12-28 01:54:23+00:00,mixed,Riyadh,Riyadh,24.760323,46.681938,synthetic
2025-08-25 19:35:35+00:00,drone,Empty Quarter – Shaybah Field,Eastern Region,26.529012,50.102803,synthetic
2025-11-21 18:22:18+00:00,drone,Empty Quarter – Shaybah Field,Eastern Region,26.440739,50.102661,synthetic
2025-07-19 05:40:11+00:00,mixed,Riyadh,Riyadh,24.73455,46.717668,synthetic
2026-01-07 03:17:41+00:00,drone,Riyadh,Riyadh,24.737352,46.653728,synthetic
2026-03-28 19:27:54+00:00,mixed,East of Kharj Governorate,Al-Kharj,24.131673,47.313398,synthetic
2026-04-30 06:31:41+00:00,drone,Eastern Region,Eastern Region,26.335891,50.061329,synthetic
2026-04-13 23:33:36+00:00,drone,Eastern Region,Eastern Region,26.439947,50.196935,synthetic
2026-05-14 09:08:54+00:00,mixed,Riyadh,Riyadh,24.720688,46.727612,synthetic
2025-08-13 00:20:05+00:00,drone,Prince Sultan Air Base,Al-Kharj,24.014487,47.637379,synthetic
2025-07-21 04:08:16+00:00,drone,East of Kharj Governorate,Al-Kharj,24.202023,47.39396,synthetic
2025-07-21 13:51:38+00:00,drone,Eastern Region,Eastern Region,26.337811,50.135531,synthetic
2025-07-21 14:59:24+00:00,mixed,Prince Sultan Air Base,Al-Kharj,23.999829,47.606418,synthetic
2025-10-19 12:18:51+00:00,drone,Eastern Region,Eastern Region,26.419907,50.096062,synthetic
2025-12-30 15:19:54+00:00,drone,Eastern Region,Eastern Region,26.564214,50.180955,synthetic
2026-01-26 20:46:23+00:00,drone,Riyadh Region,Riyadh,24.687143,46.645582,synthetic
2026-01-11 17:34:34+00:00,drone,Yanbu Refinery,Yanbu,24.161359,38.085719,synthetic
2026-01-12 21:50:54+00:00,drone,East of Al-Jouf Region,Al-Jouf,29.884476,40.22971,synthetic
2025-06-16 02:59:54+00:00,mixed,Riyadh,Riyadh,24.655434,46.722008,synthetic
2025-06-16 22:31:41+00:00,drone,Ras Tanura Oil Refinery,Eastern Region,26.73016,50.118807,synthetic
2026-03-02 06:58:32+00:00,drone,East of Kharj City,Al-Kharj,24.204019,47.312631,synthetic
2026-04-28 12:25:20+00:00,drone,Eastern Region,Eastern Region,26.406543,50.130827,synthetic
2026-03-09 04:10:39+00:00,drone,Empty Quarter – Shaybah Field,Eastern Region,26.39276,50.110173,synthetic
2025-06-07 14:35:37+00:00,drone,Area-A,Riyadh,24.729296,46.707825,synthetic
2026-04-30 15:09:30+00:00,drone,Eastern Region,Eastern Region,26.441933,50.066926,synthetic
2026-04-30 16:40:55+00:00,drone,East of Kharj Governorate,Al-Kharj,24.204114,47.465849,synthetic
2026-01-14 07:56:30+00:00,drone,Empty Quarter – Shaybah Field,Eastern Region,26.428589,50.017701,synthetic
2026-03-07 18:34:03+00:00,mixed,Yanbu Petroleum Facility,Yanbu,23.99175,38.083597,synthetic
2025-08-04 12:32:17+00:00,mixed,Yanbu Petroleum Facility,Yanbu,24.007301,38.126892,synthetic
2026-03-01 06:03:12+00:00,drone,Hafr Al-Batin,Hafr Al-Batin,28.400961,46.005796,synthetic
2026-05-01 00:40:15+00:00,drone,Eastern Region,Eastern Region,26.454726,50.136591,synthetic
2025-12-05 01:45:12+00:00,drone,Embassy District – Riyadh,Riyadh,24.716837,46.832887,synthetic
2026-04-15 11:35:16+00:00,drone,Eastern Region,Eastern Region,26.447179,50.127679,synthetic
2026-04-15 14:02:19+00:00,drone,Empty Quarter – Shaybah Field,Eastern Region,26.41644,50.015354,synthetic
2026-03-21 17:31:23+00:00,drone,Eastern Region,Eastern Region,26.500435,50.119033,synthetic
2026-01-09 02:29:06+00:00,drone,Eastern Region,Eastern Region,26.491582,50.209636,synthetic
2026-05-05 04:50:37+00:00,drone,Eastern Region,Eastern Region,26.470537,50.064729,synthetic
2025-08-30 10:51:13+00:00,drone,Eastern Region,Eastern Region,26.471652,50.139382,synthetic
2025-08-30 17:32:47+00:00,drone,Riyadh,Riyadh,24.757728,46.710761,synthetic
2025-08-30 22:22:12+00:00,drone,Ras Tanura Oil Refinery,Eastern Region,26.695085,50.258877,synthetic
2026-03-05 17:48:04+00:00,mixed,Eastern Region,Eastern Region,26.472828,50.103907,synthetic
2025-07-06 09:31:15+00:00,drone,Eastern Region,Eastern Region,26.329565,50.118143,synthetic
2025-08-13 00:00:11+00:00,drone,East of Al-Jouf Region,Al-Jouf,29.857091,40.258401,synthetic
2026-03-09 02:44:06+00:00,mixed,Al-Kharj,Al-Kharj,24.062635,47.36235,synthetic
2026-05-13 07:59:42+00:00,drone,Yanbu Port,Yanbu,24.083976,38.141533,synthetic
2025-09-22 01:05:05+00:00,mixed,Riyadh,Riyadh,24.644827,46.632737,synthetic
2025-06-07 16:54:08+00:00,mixed,Riyadh Region,Riyadh,24.642034,46.595791,synthetic
2026-03-05 06:37:12+00:00,drone,Eastern Region,Eastern Region,26.437723,50.12526,synthetic
2025-12-26 07:31:44+00:00,mixed,Riyadh,Riyadh,24.749064,46.717542,synthetic
2026-01-03 01:48:14+00:00,drone,Eastern Region,Eastern Region,26.445355,50.127259,synthetic
2025-09-06 13:19:32+00:00,drone,Empty Quarter – Shaybah Field,Eastern Region,26.411007,50.03819,synthetic
2025-07-17 06:37:34+00:00,mixed,Yanbu Industrial City,Yanbu,24.054784,38.162631,synthetic
2026-03-29 15:22:38+00:00,mixed,Riyadh,Riyadh,24.739775,46.6936,synthetic
2025-08-12 20:16:28+00:00,mixed,Prince Sultan Air Base,Al-Kharj,23.984911,47.549411,synthetic
2026-04-27 09:19:44+00:00,mixed,Riyadh,Riyadh,24.749407,46.595538,synthetic
2026-01-24 20:42:29+00:00,drone,East of Kharj Governorate,Al-Kharj,24.228457,47.380239,synthetic
2026-03-29 12:48:41+00:00,drone,Eastern Region,Eastern Region,26.361196,50.097661,synthetic
2026-04-29 08:40:26+00:00,drone,Prince Sultan Air Base,Al-Kharj,24.027328,47.531616,synthetic
2025-10-17 18:34:35+00:00,drone,Eastern Region,Eastern Region,26.445301,50.087407,synthetic
2026-03-24 03:16:13+00:00,drone,East of Kharj Governorate,Al-Kharj,24.199229,47.432152,synthetic
2026-03-14 07:01:03+00:00,drone,Eastern Region,Eastern Region,26.474688,50.166019,synthetic
2025-07-09 06:25:34+00:00,drone,East of Kharj Governorate,Al-Kharj,24.180851,47.336956,synthetic
2026-02-07 21:14:59+00:00,mixed,Gas facility – Eastern Region,Eastern Region,26.338082,50.057873,synthetic
2026-02-07 17:37:23+00:00,mixed,Riyadh,Riyadh,24.76534,46.679996,synthetic
2026-02-07 16:14:48+00:00,mixed,Al-Kharj,Al-Kharj,24.107559,47.28839,synthetic
2026-02-07 18:25:00+00:00,drone,Eastern Region,Eastern Region,26.44894,50.215029,synthetic
2026-02-07 01:16:19+00:00,drone,Eastern Region,Eastern Region,26.495885,50.182707,synthetic
2026-04-15 02:52:46+00:00,mixed,Prince Sultan Air Base,Al-Kharj,24.089715,47.564914,synthetic
2026-03-03 08:55:32+00:00,drone,Eastern Region,Eastern Region,26.560718,50.063298,synthetic
2025-10-08 20:08:29+00:00,mixed,Eastern Region,Eastern Region,26.394787,50.110832,synthetic
2026-03-18 19:49:44+00:00,drone,Empty Quarter – Shaybah Field,Eastern Region,26.503444,50.002855,synthetic
2025-12-03 18:42:01+00:00,drone,Hafr Al-Batin,Hafr Al-Batin,28.416836,45.962176,synthetic
2026-04-03 18:40:10+00:00,drone,Yanbu Port,Yanbu,24.206344,37.947181,synthetic
2026-04-13 12:02:43+00:00,drone,Eastern Region,Eastern Region,26.447371,50.161589,synthetic
2026-03-31 02:36:24+00:00,drone,Empty Quarter – Shaybah Field,Eastern Region,26.476983,50.082913,synthetic
2026-03-29 18:04:45+00:00,drone,East of Al-Jouf Region,Al-Jouf,29.922557,40.210078,synthetic
2026-03-11 12:02:39+00:00,drone,Eastern Region,Eastern Region,26.421431,50.065876,synthetic
2026-03-11 22:34:33+00:00,mixed,Riyadh,Riyadh,24.667386,46.667111,synthetic
2026-03-11 21:20:00+00:00,drone,Ras Tanura Oil Refinery,Eastern Region,26.716536,50.208434,synthetic
2026-03-11 15:43:08+00:00,mixed,Yanbu Port,Yanbu,24.00588,38.159612,synthetic
2026-03-11 14:40:37+00:00,drone,Prince Sultan Air Base,Al-Kharj,24.009701,47.714833,synthetic
2026-03-09 03:48:48+00:00,drone,Empty Quarter – Shaybah Field,Eastern Region,26.347314,50.02816,synthetic
2026-03-09 21:32:58+00:00,mixed,Eastern Region,Eastern Region,26.457188,50.099148,synthetic
2026-03-10 03:13:59+00:00,drone,Yanbu Refinery,Yanbu,24.14401,38.07594,synthetic
2026-01-31 06:17:46+00:00,mixed,Eastern Region,Eastern Region,26.498783,50.089589,synthetic
2025-06-05 20:54:58+00:00,mixed,Riyadh,Riyadh,24.666439,46.660691,synthetic
2026-04-19 11:50:45+00:00,drone,Riyadh,Riyadh,24.710625,46.778806,synthetic
2025-09-07 05:20:09+00:00,drone,Eastern Region,Eastern Region,26.449751,50.190002,synthetic
2026-03-24 06:40:46+00:00,drone,Prince Sultan Air Base,Al-Kharj,24.034613,47.677189,synthetic
2025-08-03 10:05:07+00:00,drone,Yanbu Industrial City,Yanbu,24.010742,38.20033,synthetic
2025-08-10 13:19:10+00:00,drone,Riyadh,Riyadh,24.791837,46.701929,synthetic
2026-03-27 12:23:52+00:00,drone,Eastern Region,Eastern Region,26.405557,50.028205,synthetic
2026-04-20 02:43:24+00:00,mixed,Eastern Region,Eastern Region,26.44827,50.159893,synthetic
2025-05-21 02:47:15+00:00,mixed,Riyadh,Riyadh,24.692297,46.751453,synthetic
2026-01-05 05:15:52+00:00,drone,Ras Tanura Oil Refinery,Eastern Region,26.635928,50.230636,synthetic
2026-03-20 14:53:04+00:00,mixed,Riyadh Airport,Riyadh,24.866854,46.796481,synthetic
2025-08-31 17:38:50+00:00,drone,Eastern Region,Eastern Region,26.405394,50.024021,synthetic
2025-09-20 12:48:54+00:00,mixed,Al-Kharj,Al-Kharj,24.213584,47.348328,synthetic
2026-03-20 23:46:16+00:00,drone,Eastern Region,Eastern Region,26.44163,50.184929,synthetic
2025-09-27 07:05:34+00:00,drone,Eastern Region,Eastern Region,26.375665,50.121743,synthetic
2026-04-27 20:17:26+00:00,drone,Empty Quarter – Shaybah Field,Eastern Region,26.431007,50.173536,synthetic
2026-03-15 06:15:23+00:00,mixed,Prince Sultan Air Base,Al-Kharj,24.059883,47.601261,synthetic
2026-03-18 08:37:10+00:00,mixed,East of Kharj Governorate,Al-Kharj,24.173431,47.368071,synthetic
2026-05-17 10:29:40+00:00,drone,Prince Sultan Air Base,Al-Kharj,24.033449,47.628261,synthetic
2026-02-26 04:29:52+00:00,drone,Eastern Region,Eastern Region,26.532145,50.201027,synthetic
2026-01-17 05:30:36+00:00,drone,Riyadh Region,Riyadh,24.768161,46.63206,synthetic
2026-04-26 00:57:11+00:00,mixed,East of Kharj Governorate,Al-Kharj,24.187799,47.350271,synthetic
2026-03-20 07:22:18+00:00,mixed,Area-A,Riyadh,24.773721,46.708052,synthetic
2026-04-28 23:11:37+00:00,drone,Riyadh,Riyadh,24.716833,46.758402,synthetic
2026-04-30 19:19:56+00:00,mixed,Area-A,Riyadh,24.671136,46.696362,synthetic
2026-04-29 18:33:47+00:00,drone,Empty Quarter – Shaybah Field,Eastern Region,26.436118,50.04395,synthetic
2026-01-17 16:48:07+00:00,drone,Eastern Region,Eastern Region,26.491281,50.176624,synthetic
2025-06-08 13:09:13+00:00,drone,East of Al-Jouf Region,Al-Jouf,30.008697,40.196535,synthetic
2025-06-08 06:36:56+00:00,drone,Eastern Region,Eastern Region,26.392676,50.154518,synthetic
2025-06-08 16:22:56+00:00,mixed,Riyadh,Riyadh,24.708351,46.752397,synthetic
2025-06-08 03:56:29+00:00,drone,Eastern Region,Eastern Region,26.479743,50.096095,synthetic
2025-06-08 18:57:44+00:00,drone,Eastern Region,Eastern Region,26.362968,50.131434,synthetic
2026-03-13 20:40:33+00:00,drone,Eastern Region,Eastern Region,26.47036,50.111746,synthetic
2026-03-20 10:09:37+00:00,mixed,Al-Kharj,Al-Kharj,24.120882,47.264258,synthetic
2025-07-12 17:35:25+00:00,drone,Eastern Region,Eastern Region,26.426834,50.126794,synthetic
2026-03-30 04:55:09+00:00,drone,Eastern Region,Eastern Region,26.348597,50.110204,synthetic
2026-04-23 17:22:19+00:00,drone,Eastern Region,Eastern Region,26.423925,50.260282,synthetic
2025-12-03 02:32:07+00:00,drone,Eastern Region,Eastern Region,26.411231,50.154576,synthetic
2026-04-05 02:05:51+00:00,drone,North of Riyadh City,Riyadh,24.673932,46.631232,synthetic
2026-03-12 21:02:33+00:00,mixed,Riyadh Airport,Riyadh,24.951921,46.665042,synthetic
2026-04-09 19:25:16+00:00,drone,Eastern Region,Eastern Region,26.481907,50.053011,synthetic
2026-03-17 11:59:09+00:00,drone,Eastern Region,Eastern Region,26.494095,50.027449,synthetic
2025-05-28 06:54:59+00:00,drone,Empty Quarter – Shaybah Field,Eastern Region,26.410148,50.123155,synthetic
2026-03-28 15:11:06+00:00,drone,East of Al-Jouf Region,Al-Jouf,29.946041,40.294004,synthetic
2026-03-02 21:02:08+00:00,drone,Prince Sultan Air Base,Al-Kharj,24.118786,47.539468,synthetic
2026-04-18 21:17:46+00:00,mixed,Yanbu,Yanbu,23.975047,38.034061,synthetic
2026-03-23 06:23:34+00:00,mixed,Riyadh,Riyadh,24.670786,46.687166,synthetic
2026-04-22 20:11:34+00:00,drone,Eastern Region,Eastern Region,26.44591,50.17146,synthetic
2026-03-12 19:25:54+00:00,mixed,Eastern Region,Eastern Region,26.368134,50.059899,synthetic
2025-08-02 00:39:22+00:00,mixed,Prince Sultan Air Base,Al-Kharj,24.017361,47.564905,synthetic
2025-08-27 12:04:01+00:00,drone,Area-A,Riyadh,24.715945,46.695728,synthetic
2026-05-16 16:00:00+00:00,drone,Eastern Region,Eastern Region,26.430972,50.095599,synthetic
2026-03-02 18:34:23+00:00,drone,Riyadh,Riyadh,24.576989,46.680744,synthetic
2025-07-19 02:44:22+00:00,mixed,Riyadh Airport,Riyadh,25.052142,46.679986,synthetic
2025-07-19 20:26:17+00:00,drone,Hafr Al-Batin,Hafr Al-Batin,28.425826,45.980906,synthetic
2025-07-19 22:23:25+00:00,drone,Eastern Region,Eastern Region,26.418361,50.100446,synthetic
2026-03-13 12:29:36+00:00,mixed,Eastern Region,Eastern Region,26.3104,50.201086,synthetic
2026-04-24 18:56:43+00:00,drone,Eastern Region,Eastern Region,26.455377,50.147752,synthetic
2025-12-29 17:52:12+00:00,drone,Riyadh,Riyadh,24.68648,46.805944,synthetic
2025-08-02 12:02:13+00:00,drone,Eastern Region,Eastern Region,26.341065,50.166241,synthetic
2025-12-20 10:42:19+00:00,drone,Embassy District – Riyadh,Riyadh,24.585619,46.776479,synthetic
2025-07-23 06:27:38+00:00,mixed,Riyadh,Riyadh,24.794769,46.654844,synthetic
2025-08-09 07:19:45+00:00,drone,Eastern Region,Eastern Region,26.361067,50.05457,synthetic
2025-08-09 18:52:35+00:00,drone,Prince Sultan Air Base,Al-Kharj,24.12257,47.564037,synthetic
2025-08-09 04:29:08+00:00,mixed,Prince Sultan Air Base,Al-Kharj,24.033428,47.576273,synthetic
2026-04-25 12:28:50+00:00,mixed,Prince Sultan Air Base,Al-Kharj,24.055436,47.675612,synthetic
2026-01-26 18:50:26+00:00,drone,Eastern Region,Eastern Region,26.466409,50.049175,synthetic
2026-01-26 00:34:34+00:00,mixed,Prince Sultan Air Base,Al-Kharj,24.000277,47.544966,synthetic
2026-01-26 15:23:46+00:00,drone,Hafr Al-Batin,Hafr Al-Batin,28.389457,45.834422,synthetic
2026-03-29 21:07:07+00:00,drone,Eastern Region,Eastern Region,26.348476,50.132077,synthetic
2026-04-06 22:59:43+00:00,drone,East of Kharj Governorate,Al-Kharj,24.207948,47.3225,synthetic
2025-12-13 18:43:36+00:00,drone,Prince Sultan Air Base,Al-Kharj,24.026042,47.56475,synthetic
2026-04-11 23:03:57+00:00,drone,Eastern Region,Eastern Region,26.371477,50.09313,synthetic
2025-06-18 18:10:57+00:00,drone,North of Riyadh City,Riyadh,24.727321,46.652267,synthetic
2025-09-08 10:14:53+00:00,mixed,Ras Tanura Oil Refinery,Eastern Region,26.651134,50.226248,synthetic
2025-09-06 07:17:53+00:00,drone,Area-A,Riyadh,24.687037,46.640624,synthetic
2025-12-03 14:52:49+00:00,drone,Empty Quarter – Shaybah Field,Eastern Region,26.47053,50.112046,synthetic
2026-03-04 11:27:00+00:00,mixed,Empty Quarter – Shaybah Field,Eastern Region,26.364278,50.057138,synthetic
2025-10-27 17:25:08+00:00,drone,Eastern Region,Eastern Region,26.482822,50.150082,synthetic
2025-12-13 23:52:42+00:00,mixed,East of Kharj Governorate,Al-Kharj,24.154016,47.314645,synthetic
2025-10-13 19:48:34+00:00,drone,East of Kharj Governorate,Al-Kharj,24.116308,47.39758,synthetic
2026-03-12 03:20:42+00:00,mixed,East of Kharj Governorate,Al-Kharj,24.157141,47.363635,synthetic
2025-12-30 21:53:27+00:00,drone,Riyadh,Riyadh,24.731088,46.689915,synthetic
2025-08-30 19:14:20+00:00,drone,Eastern Region,Eastern Region,26.384597,50.127625,synthetic
2025-11-12 22:44:09+00:00,drone,Eastern Region,Eastern Region,26.395612,50.159303,synthetic
2026-05-05 08:44:06+00:00,drone,Hafr Al-Batin,Hafr Al-Batin,28.397378,45.953694,synthetic
2025-09-06 15:46:31+00:00,drone,Eastern Region,Eastern Region,26.463515,50.149415,synthetic
2025-05-25 23:24:35+00:00,drone,Eastern Region,Eastern Region,26.383355,50.284766,synthetic
2026-04-04 06:05:42+00:00,drone,Eastern Region,Eastern Region,26.405414,50.102938,synthetic
2026-03-29 00:40:30+00:00,mixed,Eastern Region,Eastern Region,26.437482,50.136349,synthetic
2026-03-10 10:06:19+00:00,drone,East of Al-Jouf Region,Al-Jouf,29.917303,40.178954,synthetic
2025-09-17 21:16:01+00:00,drone,Ras Tanura Oil Refinery,Eastern Region,26.624489,50.250213,synthetic
2026-03-29 05:26:50+00:00,drone,Area-A,Riyadh,24.821809,46.64215,synthetic
2026-03-08 13:14:12+00:00,drone,Area-A,Riyadh,24.765654,46.651407,synthetic
2025-11-01 00:23:44+00:00,drone,Prince Sultan Air Base,Al-Kharj,24.004239,47.581541,synthetic
2026-03-08 07:52:46+00:00,drone,Eastern Region,Eastern Region,26.453929,50.120642,synthetic
2026-02-25 02:58:17+00:00,mixed,Prince Sultan Air Base,Al-Kharj,23.996025,47.606242,synthetic
2026-03-08 14:53:37+00:00,drone,North of Riyadh City,Riyadh,24.732635,46.730791,synthetic
2025-10-29 16:30:51+00:00,drone,Riyadh,Riyadh,24.758762,46.651178,synthetic
2026-03-25 01:40:46+00:00,mixed,Riyadh City,Riyadh,24.612809,46.750359,synthetic
2025-07-06 02:48:03+00:00,drone,Riyadh Region,Riyadh,24.652524,46.681376,synthetic
2026-03-20 05:10:29+00:00,drone,Prince Sultan Air Base,Al-Kharj,24.068549,47.607222,synthetic
2025-06-29 18:54:38+00:00,drone,Riyadh Region,Riyadh,24.652707,46.68762,synthetic
2025-09-12 03:31:03+00:00,mixed,Empty Quarter – Shaybah Field,Eastern Region,26.333099,50.052812,synthetic
2025-09-12 05:36:50+00:00,drone,Riyadh Region,Riyadh,24.828998,46.719521,synthetic
2025-09-12 04:12:18+00:00,drone,Eastern Region,Eastern Region,26.45752,50.116405,synthetic
2025-07-27 05:32:22+00:00,mixed,Prince Sultan Air Base,Al-Kharj,23.980747,47.568251,synthetic
2026-03-20 09:40:13+00:00,drone,Riyadh,Riyadh,24.681358,46.704228,synthetic
2025-06-15 04:10:22+00:00,drone,Eastern Region,Eastern Region,26.486044,50.197522,synthetic
2025-06-15 02:47:07+00:00,drone,Empty Quarter – Shaybah Field,Eastern Region,26.362765,49.992791,synthetic
2025-06-15 00:37:27+00:00,drone,East of Kharj Governorate,Al-Kharj,24.163332,47.38974,synthetic
2026-04-11 12:51:45+00:00,drone,Area-A,Riyadh,24.630577,46.696021,synthetic
2026-01-31 13:03:58+00:00,mixed,Al-Kharj,Al-Kharj,24.212355,47.235437,synthetic
2025-05-29 16:20:28+00:00,drone,Area-A,Riyadh,24.722403,46.747607,synthetic
2026-04-06 20:58:15+00:00,mixed,Prince Sultan Air Base,Al-Kharj,24.052748,47.624805,synthetic
2026-04-18 17:46:13+00:00,mixed,Prince Sultan Air Base,Al-Kharj,24.074308,47.514998,synthetic
2026-01-11 14:13:03+00:00,drone,Riyadh City – US Embassy,Riyadh,24.658281,46.650056,synthetic
2026-01-11 16:26:03+00:00,drone,Yanbu Refinery,Yanbu,24.104648,37.97489,synthetic
2026-01-11 03:46:19+00:00,drone,Empty Quarter – Shaybah Field,Eastern Region,26.434643,50.027757,synthetic
2025-06-23 14:02:11+00:00,mixed,Empty Quarter – Shaybah Field,Eastern Region,26.370856,50.106591,synthetic
2026-01-24 17:46:36+00:00,mixed,East of Kharj Governorate,Al-Kharj,24.088722,47.259569,synthetic
2026-04-05 17:08:36+00:00,drone,Eastern Region,Eastern Region,26.506723,50.127884,synthetic
2026-03-29 20:09:04+00:00,drone,Riyadh City – US Embassy,Riyadh,24.701011,46.676678,synthetic
2026-03-16 17:34:31+00:00,drone,Eastern Region,Eastern Region,26.470749,50.063745,synthetic
2025-08-01 17:35:48+00:00,drone,Eastern Region,Eastern Region,26.466086,50.113348,synthetic
2026-02-14 23:20:29+00:00,drone,Riyadh,Riyadh,24.614354,46.745286,synthetic
2026-03-10 10:59:17+00:00,mixed,Riyadh,Riyadh,24.682331,46.603622,synthetic
2025-12-07 23:52:40+00:00,mixed,Prince Sultan Air Base,Al-Kharj,24.04645,47.548997,synthetic
2026-04-29 19:09:40+00:00,drone,Eastern Region,Eastern Region,26.346081,50.081819,synthetic
2025-07-06 13:48:22+00:00,drone,Riyadh,Riyadh,24.753237,46.667315,synthetic
2025-09-17 01:38:54+00:00,mixed,Area-A,Riyadh,24.806455,46.687449,synthetic
2025-09-06 13:35:24+00:00,drone,Eastern Region,Eastern Region,26.38464,50.135849,synthetic
2026-05-18 18:32:02+00:00,drone,Eastern Region,Eastern Region,26.389031,50.126026,synthetic
2025-08-08 05:28:30+00:00,drone,Eastern Region,Eastern Region,26.343291,50.146534,synthetic
2026-03-29 04:43:41+00:00,drone,Empty Quarter – Shaybah Field,Eastern Region,26.442305,50.062822,synthetic
2026-04-27 09:58:14+00:00,drone,Area-A,Riyadh,24.689472,46.772875,synthetic
2025-12-22 15:46:57+00:00,mixed,Riyadh,Riyadh,24.735156,46.723275,synthetic
2026-04-29 11:53:00+00:00,mixed,Eastern Region,Eastern Region,26.504633,50.084084,synthetic
2026-05-20 06:54:05+00:00,drone,Riyadh,Riyadh,24.659075,46.671785,synthetic
2026-03-22 12:15:26+00:00,mixed,East of Kharj City,Al-Kharj,24.180935,47.420692,synthetic
2026-04-11 22:16:07+00:00,drone,Yanbu,Yanbu,24.087687,38.011948,synthetic
2026-04-20 18:28:29+00:00,mixed,Riyadh City,Riyadh,24.571527,46.654451,synthetic
2026-03-26 10:29:02+00:00,mixed,Riyadh Region,Riyadh,24.717135,46.541709,synthetic
2026-04-12 13:18:19+00:00,mixed,Eastern Region,Eastern Region,26.415285,50.140163,synthetic
2025-11-03 07:17:05+00:00,drone,Gas facility – Eastern Region,Eastern Region,26.538303,50.042268,synthetic
2025-07-12 02:26:18+00:00,mixed,Eastern Region,Eastern Region,26.485402,50.167977,synthetic
2025-07-12 09:10:33+00:00,drone,Yanbu Port,Yanbu,24.035644,38.055587,synthetic
2025-07-12 17:30:37+00:00,drone,Eastern Region,Eastern Region,26.271889,50.108072,synthetic
2025-07-12 10:11:18+00:00,drone,Empty Quarter – Shaybah Field,Eastern Region,26.348277,50.054829,synthetic
2025-10-11 20:10:10+00:00,mixed,Riyadh Region,Riyadh,24.653117,46.632694,synthetic
2026-05-20 15:57:26+00:00,mixed,Riyadh,Riyadh,24.746044,46.689546,synthetic
2025-11-28 18:57:21+00:00,drone,East of Kharj Governorate,Al-Kharj,24.093485,47.407634,synthetic
2025-09-12 03:43:01+00:00,drone,Empty Quarter – Shaybah Field,Eastern Region,26.407352,50.099799,synthetic
2025-06-30 16:28:01+00:00,mixed,Empty Quarter – Shaybah Field,Eastern Region,26.521162,50.067632,synthetic
2026-04-24 01:21:28+00:00,drone,Eastern Region,Eastern Region,26.493273,50.111081,synthetic
2025-12-19 11:40:46+00:00,mixed,East of Kharj City,Al-Kharj,24.162074,47.367795,synthetic
2026-05-12 11:00:07+00:00,drone,Riyadh Region,Riyadh,24.75752,46.66241,synthetic
2026-03-19 08:25:42+00:00,drone,East of Al-Jouf Region,Al-Jouf,30.024847,40.190441,synthetic
2026-03-19 11:45:05+00:00,drone,Yanbu,Yanbu,24.016892,38.194173,synthetic
2026-03-19 15:21:01+00:00,drone,Eastern Region,Eastern Region,26.455281,50.191425,synthetic
2026-03-19 00:35:54+00:00,mixed,East of Kharj Governorate,Al-Kharj,24.235803,47.340234,synthetic
2026-03-19 23:56:08+00:00,drone,Eastern Region,Eastern Region,26.38705,50.122286,synthetic
2026-05-02 06:42:39+00:00,mixed,Riyadh Region,Riyadh,24.742589,46.645583,synthetic
2026-03-10 08:08:14+00:00,drone,Eastern Region,Eastern Region,26.415414,50.089457,synthetic
2026-04-08 11:46:39+00:00,mixed,Riyadh,Riyadh,24.743605,46.748754,synthetic
2025-05-28 23:14:08+00:00,drone,Eastern Region,Eastern Region,26.424776,50.16087,synthetic
2026-03-18 23:35:43+00:00,drone,Eastern Region,Eastern Region,26.433327,50.08234,synthetic
2025-07-30 18:05:17+00:00,mixed,Riyadh,Riyadh,24.811153,46.741025,synthetic
2026-04-28 22:36:17+00:00,drone,Riyadh Region,Riyadh,24.774763,46.695499,synthetic
2026-03-27 13:44:19+00:00,drone,Riyadh Region,Riyadh,24.786027,46.65728,synthetic
2026-01-24 20:26:57+00:00,mixed,Al-Kharj,Al-Kharj,24.092165,47.287129,synthetic
2025-11-15 09:30:29+00:00,drone,Prince Sultan Air Base,Al-Kharj,24.007245,47.603431,synthetic
2026-03-06 02:03:11+00:00,mixed,Eastern Region,Eastern Region,26.488324,50.048598,synthetic
2026-04-20 20:37:20+00:00,drone,Al-Kharj,Al-Kharj,24.149768,47.232752,synthetic
2026-03-08 12:28:59+00:00,drone,Gas facility – Eastern Region,Eastern Region,26.481037,50.154257,synthetic
2025-05-21 20:43:57+00:00,drone,Yanbu,Yanbu,24.052123,38.04743,synthetic
2025-06-27 14:50:07+00:00,mixed,Kharj Governorate,Al-Kharj,24.201303,47.414522,synthetic
2026-04-18 13:44:01+00:00,drone,Empty Quarter – Shaybah Field,Eastern Region,26.321119,50.126102,synthetic
2025-08-20 04:11:27+00:00,mixed,Prince Sultan Air Base,Al-Kharj,24.041214,47.513706,synthetic
2025-08-02 12:11:50+00:00,drone,Riyadh,Riyadh,24.751194,46.691043,synthetic
2026-03-12 01:00:44+00:00,drone,Eastern Region,Eastern Region,26.375852,50.112397,synthetic
2025-11-30 22:44:17+00:00,mixed,East of Kharj Governorate,Al-Kharj,24.182174,47.347952,synthetic
2026-04-25 06:22:36+00:00,drone,Eastern Region,Eastern Region,26.359978,50.183924,synthetic
2025-07-14 19:04:28+00:00,mixed,East of Kharj Governorate,Al-Kharj,24.158548,47.361981,synthetic
2026-04-18 13:00:03+00:00,drone,Eastern Region,Eastern Region,26.427403,50.057784,synthetic
2026-05-11 06:10:39+00:00,drone,Empty Quarter – Shaybah Field,Eastern Region,26.400248,50.011064,synthetic
2026-04-11 21:31:27+00:00,mixed,Eastern Region,Eastern Region,26.381579,50.121702,synthetic
2026-03-08 06:56:00+00:00,drone,Hafr Al-Batin,Hafr Al-Batin,28.402955,45.796117,synthetic
2026-03-16 06:55:40+00:00,drone,Eastern Region,Eastern Region,26.472382,50.111129,synthetic
2025-08-10 01:32:16+00:00,drone,Eastern Region,Eastern Region,26.502448,50.168151,synthetic
2026-04-29 09:12:20+00:00,drone,Eastern Region,Eastern Region,26.404851,50.205773,synthetic
2026-04-11 17:49:28+00:00,drone,Eastern Region,Eastern Region,26.361132,50.15639,synthetic
2025-12-01 23:30:19+00:00,drone,Eastern Region,Eastern Region,26.431629,50.160554,synthetic
2025-06-10 14:58:30+00:00,drone,East of Kharj City,Al-Kharj,24.184065,47.386374,synthetic
2025-07-05 23:36:48+00:00,drone,Riyadh,Riyadh,24.663515,46.730733,synthetic
2025-11-01 17:49:37+00:00,drone,Yanbu Port,Yanbu,23.99736,38.072579,synthetic
2025-11-01 09:41:18+00:00,mixed,Empty Quarter – Shaybah Field,Eastern Region,26.441403,50.067612,synthetic
2025-08-31 02:15:15+00:00,drone,Empty Quarter – Shaybah Field,Eastern Region,26.350699,50.040034,synthetic
2025-07-21 02:23:38+00:00,drone,Eastern Region,Eastern Region,26.453951,50.13482,synthetic
2026-04-16 22:36:37+00:00,drone,Area-A,Riyadh,24.709004,46.6611,synthetic
2026-04-14 17:36:50+00:00,mixed,Empty Quarter – Shaybah Field,Eastern Region,26.400667,50.04902,synthetic
2026-03-28 15:21:26+00:00,mixed,Prince Sultan Air Base,Al-Kharj,24.039174,47.511249,synthetic
2026-03-28 07:31:51+00:00,mixed,Riyadh,Riyadh,24.710314,46.816397,synthetic
2026-03-28 10:32:19+00:00,drone,Empty Quarter – Shaybah Field,Eastern Region,26.496506,50.058115,synthetic
2026-03-28 22:58:05+00:00,mixed,North of Riyadh City,Riyadh,24.731649,46.669952,synthetic
2026-03-28 20:53:50+00:00,mixed,Riyadh,Riyadh,24.728562,46.661435,synthetic
2025-08-11 09:11:23+00:00,drone,Riyadh,Riyadh,24.660925,46.656447,synthetic
2025-08-27 16:28:36+00:00,mixed,Riyadh,Riyadh,24.725606,46.686633,synthetic
2025-08-28 11:13:41+00:00,drone,Eastern Region,Eastern Region,26.372536,50.061261,synthetic
2026-03-09 06:29:35+00:00,drone,Eastern Region,Eastern Region,26.346367,50.102459,synthetic
2025-08-09 08:55:14+00:00,drone,Empty Quarter – Shaybah Field,Eastern Region,26.440441,50.066503,synthetic
2026-04-25 04:40:05+00:00,drone,Eastern Region,Eastern Region,26.475905,50.064215,synthetic
2025-10-10 08:49:21+00:00,drone,Eastern Region,Eastern Region,26.417382,50.039077,synthetic
2025-09-21 11:59:58+00:00,drone,Empty Quarter – Shaybah Field,Eastern Region,26.391284,50.082913,synthetic
2026-04-21 19:54:26+00:00,drone,Eastern Region,Eastern Region,26.400435,50.112642,synthetic
2025-06-19 00:48:13+00:00,drone,Riyadh,Riyadh,24.721607,46.626181,synthetic
2025-10-18 02:08:11+00:00,mixed,East of Kharj City,Al-Kharj,24.090988,47.375049,synthetic
2026-04-21 06:34:06+00:00,drone,Eastern Region,Eastern Region,26.444888,50.126188,synthetic
2026-03-27 12:08:39+00:00,drone,Riyadh,Riyadh,24.628653,46.711076,synthetic
2026-03-27 03:41:50+00:00,mixed,Eastern Region,Eastern Region,26.509839,50.143386,synthetic
2026-03-27 08:38:49+00:00,drone,Empty Quarter – Shaybah Field,Eastern Region,26.437516,50.008472,synthetic
2025-11-14 21:05:35+00:00,drone,Hafr Al-Batin,Hafr Al-Batin,28.464031,45.995316,synthetic
2025-12-09 15:49:53+00:00,mixed,Ras Tanura Oil Refinery,Eastern Region,26.769215,50.17507,synthetic
2025-07-29 06:57:35+00:00,drone,Eastern Region,Eastern Region,26.442847,50.084104,synthetic
2026-01-22 13:20:06+00:00,mixed,Yanbu Port,Yanbu,24.066241,38.049727,synthetic
2026-03-20 20:31:00+00:00,drone,East of Al-Jouf Region,Al-Jouf,29.92932,40.120971,synthetic
2026-03-09 04:19:48+00:00,drone,Eastern Region,Eastern Region,26.383837,50.037099,synthetic
2026-04-18 15:10:12+00:00,drone,Ras Tanura Oil Refinery,Eastern Region,26.638707,50.283146,synthetic
2026-05-09 01:42:01+00:00,drone,Yanbu Refinery,Yanbu,24.12367,38.11337,synthetic
2026-04-27 16:21:26+00:00,drone,Kharj Governorate,Al-Kharj,24.213479,47.339823,synthetic
2025-09-12 05:30:00+00:00,drone,Eastern Region,Eastern Region,26.408872,50.068158,synthetic
2026-01-23 01:10:39+00:00,mixed,Embassy District – Riyadh,Riyadh,24.668067,46.671167,synthetic
2026-04-26 14:26:59+00:00,drone,Eastern Region,Eastern Region,26.534132,50.136739,synthetic
2026-01-08 10:56:03+00:00,drone,Eastern Region,Eastern Region,26.43518,50.152603,synthetic
2026-01-22 15:01:23+00:00,mixed,Riyadh City – US Embassy,Riyadh,24.737498,46.678402,synthetic
2026-03-17 16:52:57+00:00,drone,Riyadh,Riyadh,24.775209,46.615008,synthetic
2026-03-07 05:35:54+00:00,drone,Eastern Region,Eastern Region,26.412847,50.149671,synthetic
2025-07-04 18:03:44+00:00,drone,Eastern Region,Eastern Region,26.428993,50.088674,synthetic
2025-10-14 12:24:20+00:00,drone,North of Riyadh City,Riyadh,24.657942,46.706265,synthetic
2026-03-27 07:06:47+00:00,mixed,Riyadh,Riyadh,24.656105,46.673221,synthetic
2026-04-15 04:02:32+00:00,drone,Riyadh Region,Riyadh,24.668075,46.610323,synthetic
2026-03-05 10:20:01+00:00,mixed,Riyadh,Riyadh,24.69123,46.70217,synthetic
2026-04-10 21:00:04+00:00,mixed,Riyadh,Riyadh,24.842633,46.70397,synthetic
2025-09-13 21:48:15+00:00,drone,Eastern Region,Eastern Region,26.365733,50.079499,synthetic
2026-03-21 06:29:25+00:00,drone,Empty Quarter – Shaybah Field,Eastern Region,26.381668,50.103502,synthetic
2025-08-17 15:00:46+00:00,drone,Eastern Region,Eastern Region,26.396812,50.132903,synthetic
2025-08-17 15:26:16+00:00,drone,Eastern Region,Eastern Region,26.348011,50.126831,synthetic
2025-08-17 07:45:46+00:00,drone,Riyadh,Riyadh,24.747933,46.757881,synthetic
2026-03-16 07:28:40+00:00,mixed,Prince Sultan Air Base,Al-Kharj,23.981655,47.577346,synthetic
2026-01-01 17:57:12+00:00,drone,Gas facility – Eastern Region,Eastern Region,26.367921,50.148372,synthetic
2026-03-10 05:20:52+00:00,drone,Eastern Region,Eastern Region,26.311753,50.133333,synthetic
2026-04-09 12:22:19+00:00,mixed,Prince Sultan Air Base,Al-Kharj,24.089419,47.52129,synthetic
2025-09-29 04:55:55+00:00,drone,Yanbu Refinery,Yanbu,24.198105,38.01226,synthetic
2025-11-15 04:08:27+00:00,mixed,Riyadh,Riyadh,24.67604,46.771314,synthetic
2026-04-12 14:25:45+00:00,mixed,Riyadh,Riyadh,24.685088,46.667233,synthetic
2026-04-09 09:25:28+00:00,mixed,Riyadh,Riyadh,24.702932,46.736691,synthetic
2026-04-17 14:09:23+00:00,mixed,Yanbu,Yanbu,24.083574,38.086125,synthetic
2026-03-16 09:22:58+00:00,drone,Eastern Region,Eastern Region,26.42221,50.114131,synthetic
2026-03-16 14:39:53+00:00,drone,Riyadh,Riyadh,24.803942,46.758998,synthetic
2026-04-12 04:24:33+00:00,mixed,Eastern Region,Eastern Region,26.401002,50.084479,synthetic
2025-11-07 12:54:02+00:00,mixed,Yanbu Refinery,Yanbu,24.078949,38.117382,synthetic
2026-03-30 06:56:22+00:00,drone,Yanbu,Yanbu,24.073184,38.107059,synthetic
2025-06-27 17:17:18+00:00,drone,East of Al-Jouf Region,Al-Jouf,29.931846,40.187596,synthetic
2025-05-28 10:13:21+00:00,mixed,Riyadh,Riyadh,24.71762,46.674602,synthetic
2025-10-24 13:50:19+00:00,mixed,Riyadh Region,Riyadh,24.812356,46.619986,synthetic
2026-03-17 02:58:50+00:00,mixed,East of Kharj City,Al-Kharj,24.176843,47.372361,synthetic
2025-07-10 11:51:28+00:00,mixed,Riyadh,Riyadh,24.692831,46.72837,synthetic
2026-01-22 16:39:40+00:00,drone,East of Al-Jouf Region,Al-Jouf,29.895353,40.153607,synthetic
2025-07-05 12:11:46+00:00,drone,Eastern Region,Eastern Region,26.416554,50.095202,synthetic
2025-10-18 16:15:44+00:00,drone,Eastern Region,Eastern Region,26.437534,50.115642,synthetic
2025-09-03 23:08:02+00:00,mixed,Riyadh,Riyadh,24.61304,46.773154,synthetic
2026-05-06 18:14:00+00:00,drone,Empty Quarter – Shaybah Field,Eastern Region,26.371456,50.056369,synthetic
2025-11-01 01:54:11+00:00,mixed,Prince Sultan Air Base,Al-Kharj,24.029718,47.66826,synthetic
2025-08-16 00:44:20+00:00,mixed,Kharj Governorate,Al-Kharj,24.141606,47.341433,synthetic
2026-01-13 11:52:22+00:00,drone,Riyadh Region,Riyadh,24.635046,46.607651,synthetic
2025-08-12 02:56:25+00:00,drone,Eastern Region,Eastern Region,26.54989,50.093916,synthetic
2026-04-14 23:35:03+00:00,drone,Eastern Region,Eastern Region,26.434441,50.116452,synthetic
2025-10-27 19:51:16+00:00,drone,Eastern Region,Eastern Region,26.467499,50.122377,synthetic
2025-10-04 12:42:10+00:00,mixed,Al-Kharj,Al-Kharj,24.050881,47.2989,synthetic
2025-11-01 09:21:14+00:00,mixed,Eastern Region,Eastern Region,26.413402,50.162923,synthetic
2025-08-31 19:16:01+00:00,drone,Eastern Region,Eastern Region,26.398226,50.149118,synthetic
2026-04-25 14:36:39+00:00,mixed,Riyadh City – US Embassy,Riyadh,24.684518,46.718283,synthetic
2025-06-03 16:42:47+00:00,drone,East of Kharj Governorate,Al-Kharj,24.117728,47.266808,synthetic
2025-05-29 19:08:07+00:00,drone,Eastern Region,Eastern Region,26.365758,50.180192,synthetic
2025-08-30 12:39:36+00:00,drone,Yanbu Industrial City,Yanbu,24.035613,38.12413,synthetic
2026-03-30 08:44:53+00:00,mixed,Embassy District – Riyadh,Riyadh,24.695555,46.634065,synthetic
2026-04-24 20:07:30+00:00,drone,Eastern Region,Eastern Region,26.437113,50.122222,synthetic
2025-12-03 04:40:55+00:00,drone,Eastern Region,Eastern Region,26.398817,50.101064,synthetic
2026-03-09 12:58:31+00:00,mixed,East of Kharj Governorate,Al-Kharj,24.23131,47.392564,synthetic
2025-06-21 01:47:32+00:00,drone,Eastern Region,Eastern Region,26.405832,50.049032,synthetic
2026-03-17 09:37:06+00:00,drone,Eastern Region,Eastern Region,26.469461,50.22749,synthetic
2025-06-09 01:46:29+00:00,drone,Riyadh City,Riyadh,24.721595,46.720868,synthetic
2025-07-27 17:08:42+00:00,drone,Eastern Region,Eastern Region,26.438134,50.031696,synthetic
2026-03-10 08:40:20+00:00,drone,Eastern Region,Eastern Region,26.439383,50.01791,synthetic
2025-11-17 13:31:11+00:00,drone,Eastern Region,Eastern Region,26.335937,50.068205,synthetic
2026-04-13 00:24:03+00:00,mixed,Yanbu Petroleum Facility,Yanbu,24.054601,38.070574,synthetic
2025-07-19 17:01:04+00:00,mixed,Prince Sultan Air Base,Al-Kharj,23.986405,47.531779,synthetic
2026-05-05 22:22:39+00:00,mixed,Prince Sultan Air Base,Al-Kharj,24.057622,47.594216,synthetic
2026-05-05 02:55:15+00:00,mixed,Embassy District – Riyadh,Riyadh,24.626888,46.773871,synthetic
2026-05-05 03:53:54+00:00,drone,Prince Sultan Air Base,Al-Kharj,24.037999,47.606053,synthetic
2026-05-05 21:13:52+00:00,drone,Yanbu Refinery,Yanbu,24.121213,38.03493,synthetic
2026-03-10 13:51:09+00:00,mixed,Yanbu Port,Yanbu,24.099967,38.122818,synthetic
2026-01-13 18:53:21+00:00,mixed,Yanbu Port,Yanbu,24.129913,38.209187,synthetic
2026-04-04 05:29:31+00:00,drone,East of Al-Jouf Region,Al-Jouf,29.959576,40.249988,synthetic
2025-08-13 18:25:04+00:00,mixed,East of Kharj City,Al-Kharj,24.095523,47.377725,synthetic
2026-05-02 03:51:06+00:00,drone,Eastern Region,Eastern Region,26.479755,50.075916,synthetic
2025-08-08 21:15:52+00:00,mixed,Area-A,Riyadh,24.627602,46.741367,synthetic
2026-01-04 20:14:38+00:00,mixed,Eastern Region,Eastern Region,26.410624,50.105338,synthetic
2025-07-12 11:15:44+00:00,drone,Eastern Region,Eastern Region,26.469408,50.154556,synthetic
2026-04-09 17:11:50+00:00,drone,Ras Tanura Oil Refinery,Eastern Region,26.711769,50.317952,synthetic
2026-05-12 15:40:56+00:00,mixed,Yanbu Industrial City,Yanbu,24.027943,38.103291,synthetic
2026-04-10 12:40:18+00:00,mixed,Area-A,Riyadh,24.699817,46.677953,synthetic
2026-03-29 22:23:23+00:00,mixed,Riyadh,Riyadh,24.786857,46.691294,synthetic
2025-07-08 10:49:36+00:00,drone,Yanbu Port,Yanbu,24.001064,37.98558,synthetic
2026-03-01 12:16:54+00:00,mixed,Eastern Region,Eastern Region,26.497212,50.090913,synthetic
2026-03-10 02:01:58+00:00,mixed,Yanbu,Yanbu,24.068709,38.105048,synthetic
2025-09-05 12:14:54+00:00,drone,Eastern Region,Eastern Region,26.493523,50.094284,synthetic
2026-04-12 00:08:54+00:00,drone,Eastern Region,Eastern Region,26.310588,50.1886,synthetic
2026-04-05 14:04:05+00:00,mixed,Kharj Governorate,Al-Kharj,24.171675,47.33363,synthetic
2026-03-06 06:38:54+00:00,drone,Eastern Region,Eastern Region,26.483639,50.171879,synthetic
2026-04-25 02:18:59+00:00,drone,Empty Quarter – Shaybah Field,Eastern Region,26.482814,49.992298,synthetic
2026-03-23 22:07:27+00:00,mixed,Riyadh,Riyadh,24.667801,46.721212,synthetic
2026-03-24 21:24:13+00:00,mixed,Eastern Region,Eastern Region,26.349064,50.088824,synthetic
2025-09-25 01:09:05+00:00,drone,Embassy District – Riyadh,Riyadh,24.800128,46.747845,synthetic
2026-01-04 22:23:50+00:00,drone,East of Kharj Governorate,Al-Kharj,24.213276,47.348843,synthetic
2026-03-20 07:11:34+00:00,drone,Yanbu Industrial City,Yanbu,23.982744,38.152836,synthetic
2026-03-04 03:34:04+00:00,drone,Area-A,Riyadh,24.683479,46.735279,synthetic
2025-06-16 08:30:10+00:00,drone,Eastern Region,Eastern Region,26.459932,50.094482,synthetic
2025-05-29 15:36:04+00:00,drone,Ras Tanura Oil Refinery,Eastern Region,26.649045,50.224325,synthetic
2025-11-15 20:34:07+00:00,drone,Eastern Region,Eastern Region,26.510687,50.175991,synthetic
2026-01-26 19:35:44+00:00,mixed,Yanbu,Yanbu,24.03263,38.013403,synthetic
2026-03-21 19:32:36+00:00,drone,Eastern Region,Eastern Region,26.357055,50.158149,synthetic
2026-03-10 12:11:51+00:00,drone,Eastern Region,Eastern Region,26.401225,50.122416,synthetic
2025-11-07 07:14:36+00:00,drone,Empty Quarter – Shaybah Field,Eastern Region,26.403089,50.098127,synthetic
2026-04-13 23:03:04+00:00,drone,Riyadh,Riyadh,24.647026,46.739329,synthetic
2025-06-23 00:49:17+00:00,drone,Eastern Region,Eastern Region,26.429583,50.135633,synthetic
2026-01-10 22:10:03+00:00,drone,Yanbu Port,Yanbu,24.001901,38.068666,synthetic
2026-03-14 19:12:34+00:00,drone,Eastern Region,Eastern Region,26.436931,50.077743,synthetic
2026-03-20 00:50:34+00:00,drone,Eastern Region,Eastern Region,26.425516,50.14455,synthetic
2026-03-04 06:14:48+00:00,mixed,Prince Sultan Air Base,Al-Kharj,24.002112,47.619512,synthetic
2026-04-14 00:46:03+00:00,drone,Yanbu Port,Yanbu,24.01858,38.026932,synthetic
2026-03-15 10:56:41+00:00,drone,Eastern Region,Eastern Region,26.350376,50.101226,synthetic
2026-03-24 14:53:22+00:00,mixed,Prince Sultan Air Base,Al-Kharj,24.097095,47.586122,synthetic
2026-03-21 07:41:26+00:00,drone,Hafr Al-Batin,Hafr Al-Batin,28.385989,45.914792,synthetic
2025-07-19 21:36:37+00:00,drone,Eastern Region,Eastern Region,26.518565,50.108354,synthetic
2025-07-19 20:21:58+00:00,drone,Prince Sultan Air Base,Al-Kharj,23.998332,47.604831,synthetic
2025-07-19 07:27:22+00:00,drone,Eastern Region,Eastern Region,26.458892,50.0053,synthetic
2025-07-09 03:11:05+00:00,mixed,East of Kharj Governorate,Al-Kharj,24.10495,47.388079,synthetic
2025-06-21 17:36:13+00:00,drone,Eastern Region,Eastern Region,26.392947,50.097612,synthetic
2026-03-22 10:04:55+00:00,mixed,Prince Sultan Air Base,Al-Kharj,24.060126,47.619987,synthetic
2025-08-14 13:16:34+00:00,drone,Eastern Region,Eastern Region,26.367211,50.142493,synthetic
2026-01-08 07:27:11+00:00,mixed,Prince Sultan Air Base,Al-Kharj,23.979795,47.628239,synthetic
2025-10-27 06:20:42+00:00,drone,Embassy District – Riyadh,Riyadh,24.763027,46.770172,synthetic
2026-03-16 17:22:04+00:00,drone,Eastern Region,Eastern Region,26.457842,50.089944,synthetic
2026-04-01 08:46:38+00:00,mixed,Riyadh Airport,Riyadh,24.870225,46.760357,synthetic
2026-04-04 03:04:51+00:00,mixed,Yanbu Refinery,Yanbu,24.091669,38.044348,synthetic
2025-05-20 20:23:21+00:00,drone,Eastern Region,Eastern Region,26.49766,50.139436,synthetic
2025-07-12 12:26:38+00:00,drone,Eastern Region,Eastern Region,26.39908,50.227152,synthetic
2025-09-24 23:46:35+00:00,drone,Empty Quarter – Shaybah Field,Eastern Region,26.476837,50.080415,synthetic
2025-12-31 01:02:04+00:00,drone,Riyadh City – US Embassy,Riyadh,24.67155,46.677716,synthetic
2025-05-28 04:28:31+00:00,drone,East of Kharj City,Al-Kharj,24.211426,47.306574,synthetic
2026-03-27 15:34:08+00:00,drone,Eastern Region,Eastern Region,26.367605,50.066554,synthetic
2026-04-23 03:31:52+00:00,drone,Riyadh,Riyadh,24.69333,46.696989,synthetic
2025-07-04 00:04:52+00:00,drone,Eastern Region,Eastern Region,26.314061,50.163124,synthetic
2026-03-08 16:08:33+00:00,drone,Empty Quarter – Shaybah Field,Eastern Region,26.418402,50.105352,synthetic
2026-03-05 01:49:19+00:00,drone,Eastern Region,Eastern Region,26.414252,50.103181,synthetic
2026-04-28 17:41:52+00:00,drone,Eastern Region,Eastern Region,26.329991,50.138614,synthetic
2025-07-12 04:09:41+00:00,drone,Riyadh City,Riyadh,24.732988,46.661252,synthetic
2026-05-07 15:24:08+00:00,drone,Yanbu,Yanbu,24.10056,38.123426,synthetic
2026-01-24 06:09:16+00:00,drone,East of Al-Jouf Region,Al-Jouf,29.995421,40.156491,synthetic
2025-06-13 18:08:59+00:00,mixed,Prince Sultan Air Base,Al-Kharj,24.060256,47.646766,synthetic
2025-11-12 07:21:02+00:00,drone,Eastern Region,Eastern Region,26.387416,50.100557,synthetic
2026-03-02 21:03:53+00:00,mixed,Prince Sultan Air Base,Al-Kharj,24.034837,47.622315,synthetic
2025-11-08 10:21:44+00:00,mixed,Riyadh,Riyadh,24.599084,46.748178,synthetic
2026-03-06 06:53:10+00:00,mixed,Empty Quarter – Shaybah Field,Eastern Region,26.407127,49.988096,synthetic
2025-06-15 19:27:39+00:00,drone,East of Kharj Governorate,Al-Kharj,24.147335,47.420645,synthetic
2026-03-28 15:29:29+00:00,mixed,Yanbu Port,Yanbu,24.06966,38.09015,synthetic
2025-06-09 20:47:08+00:00,drone,Riyadh City,Riyadh,24.722921,46.747482,synthetic
2025-10-10 15:35:47+00:00,drone,Eastern Region,Eastern Region,26.354906,50.09357,synthetic
2026-03-15 09:36:39+00:00,mixed,Prince Sultan Air Base,Al-Kharj,23.962271,47.426243,synthetic
2026-04-05 08:55:03+00:00,mixed,North of Riyadh City,Riyadh,24.639939,46.664247,synthetic
2026-04-25 02:08:15+00:00,drone,Eastern Region,Eastern Region,26.45267,50.041563,synthetic
2026-04-25 08:34:39+00:00,drone,East of Kharj Governorate,Al-Kharj,24.196435,47.281905,synthetic
2025-08-09 17:52:30+00:00,drone,Eastern Region,Eastern Region,26.445223,50.121539,synthetic
2025-07-25 17:35:39+00:00,mixed,North of Riyadh City,Riyadh,24.559272,46.628518,synthetic
2026-03-24 15:56:31+00:00,drone,Empty Quarter – Shaybah Field,Eastern Region,26.397773,50.028842,synthetic
2026-04-24 18:02:45+00:00,drone,Riyadh Region,Riyadh,24.7363,46.621618,synthetic
2026-04-24 08:01:27+00:00,mixed,East of Kharj Governorate,Al-Kharj,24.143039,47.440211,synthetic
2026-04-24 21:20:40+00:00,drone,Eastern Region,Eastern Region,26.415685,50.18701,synthetic
2025-12-10 00:15:01+00:00,mixed,Riyadh,Riyadh,24.744197,46.701675,synthetic
2025-05-28 02:25:56+00:00,drone,Eastern Region,Eastern Region,26.457097,50.243059,synthetic
2026-01-19 22:12:26+00:00,drone,Riyadh,Riyadh,24.667659,46.611627,synthetic
2026-01-14 00:27:23+00:00,drone,Eastern Region,Eastern Region,26.440538,50.095804,synthetic
2025-10-20 23:20:50+00:00,mixed,Eastern Region,Eastern Region,26.444389,50.150518,synthetic
2025-05-28 05:54:16+00:00,drone,Riyadh,Riyadh,24.764465,46.61293,synthetic
2026-04-18 22:36:15+00:00,mixed,Eastern Region,Eastern Region,26.531188,50.033131,synthetic
2026-03-26 15:04:23+00:00,mixed,Eastern Region,Eastern Region,26.355035,50.07338,synthetic
2026-03-31 07:43:32+00:00,drone,Prince Sultan Air Base,Al-Kharj,24.001891,47.589143,synthetic
2025-09-07 22:49:57+00:00,mixed,Prince Sultan Air Base,Al-Kharj,24.030052,47.599011,synthetic
2025-07-12 01:28:53+00:00,mixed,Yanbu Petroleum Facility,Yanbu,24.050748,38.107192,synthetic
2025-09-03 23:40:27+00:00,mixed,Prince Sultan Air Base,Al-Kharj,24.023749,47.584724,synthetic
2025-12-30 07:14:27+00:00,mixed,Eastern Region,Eastern Region,26.4473,50.182587,synthetic
2026-04-06 13:32:02+00:00,drone,Prince Sultan Air Base,Al-Kharj,24.092147,47.48142,synthetic
2025-08-30 00:03:48+00:00,mixed,Ras Tanura Oil Refinery,Eastern Region,26.646509,50.1416,synthetic
2026-03-20 00:40:21+00:00,mixed,East of Kharj Governorate,Al-Kharj,24.081093,47.434969,synthetic
2026-03-16 12:46:13+00:00,drone,Eastern Region,Eastern Region,26.365971,50.163256,synthetic
2026-04-11 13:50:01+00:00,mixed,Riyadh,Riyadh,24.727486,46.826059,synthetic
2025-08-13 03:18:36+00:00,mixed,East of Kharj City,Al-Kharj,24.113116,47.382858,synthetic
2025-07-12 17:06:27+00:00,mixed,North of Riyadh City,Riyadh,24.648839,46.578518,synthetic
2025-07-12 13:58:10+00:00,drone,Empty Quarter – Shaybah Field,Eastern Region,26.350149,50.080815,synthetic
2025-07-12 04:50:28+00:00,drone,Eastern Region,Eastern Region,26.336274,50.137099,synthetic
2025-07-12 06:24:44+00:00,drone,Eastern Region,Eastern Region,26.461106,50.211934,synthetic
2025-07-12 17:45:52+00:00,mixed,Empty Quarter – Shaybah Field,Eastern Region,26.375565,50.127307,synthetic
2026-05-09 06:03:05+00:00,mixed,Area-A,Riyadh,24.643445,46.74699,synthetic
2025-05-24 11:55:21+00:00,drone,Empty Quarter – Shaybah Field,Eastern Region,26.440092,50.147009,synthetic
2025-10-18 14:37:56+00:00,drone,Yanbu,Yanbu,24.082137,38.114341,synthetic
2025-12-11 09:18:51+00:00,drone,Prince Sultan Air Base,Al-Kharj,24.097042,47.581073,synthetic
2025-12-11 08:43:48+00:00,drone,Empty Quarter – Shaybah Field,Eastern Region,26.361972,50.071783,synthetic
2026-01-18 15:34:05+00:00,mixed,Yanbu Refinery,Yanbu,24.138872,38.007571,synthetic
2026-03-12 05:31:55+00:00,mixed,Eastern Region,Eastern Region,26.514274,50.034855,synthetic
2026-03-27 20:38:29+00:00,drone,Riyadh,Riyadh,24.704734,46.66766,synthetic
2025-08-11 04:36:24+00:00,drone,Eastern Region,Eastern Region,26.458054,50.133453,synthetic
2025-08-11 06:46:58+00:00,drone,Riyadh,Riyadh,24.752146,46.614534,synthetic
2025-08-11 19:10:18+00:00,mixed,Riyadh Airport,Riyadh,24.926472,46.661461,synthetic
2025-08-11 17:11:54+00:00,drone,Riyadh,Riyadh,24.687018,46.718816,synthetic
2025-08-11 18:22:41+00:00,mixed,Prince Sultan Air Base,Al-Kharj,24.024621,47.583216,synthetic
2026-01-14 15:04:01+00:00,drone,Ras Tanura Oil Refinery,Eastern Region,26.594742,50.224459,synthetic
2026-03-31 18:54:03+00:00,drone,Eastern Region,Eastern Region,26.416703,50.15221,synthetic
2026-03-02 16:25:42+00:00,drone,Eastern Region,Eastern Region,26.542205,50.102774,synthetic
2026-03-05 08:47:21+00:00,drone,Yanbu Port,Yanbu,24.104213,38.097407,synthetic
2025-06-22 06:36:20+00:00,mixed,Prince Sultan Air Base,Al-Kharj,24.083686,47.638316,synthetic
2026-03-08 16:34:50+00:00,mixed,Yanbu Port,Yanbu,24.066067,38.061193,synthetic
2026-03-28 01:25:01+00:00,drone,Al-Kharj,Al-Kharj,24.167684,47.256921,synthetic
2026-05-03 02:31:29+00:00,mixed,Eastern Region,Eastern Region,26.450537,50.181703,synthetic
2026-04-20 01:21:43+00:00,drone,Eastern Region,Eastern Region,26.344232,50.017856,synthetic
2026-04-10 03:50:29+00:00,mixed,Al-Kharj,Al-Kharj,24.166943,47.324034,synthetic
2025-12-13 00:23:20+00:00,drone,Yanbu,Yanbu,24.045773,37.980824,synthetic
2026-04-22 23:08:44+00:00,drone,Eastern Region,Eastern Region,26.42498,50.164978,synthetic
2026-04-27 00:23:17+00:00,mixed,Riyadh,Riyadh,24.691933,46.713217,synthetic
2025-08-23 18:07:04+00:00,mixed,Riyadh,Riyadh,24.710768,46.594712,synthetic
2025-09-29 04:43:08+00:00,drone,Eastern Region,Eastern Region,26.520309,50.084862,synthetic
2026-04-08 15:41:54+00:00,mixed,East of Kharj Governorate,Al-Kharj,24.121506,47.32859,synthetic
2026-03-20 03:16:34+00:00,drone,Prince Sultan Air Base,Al-Kharj,23.943846,47.545447,synthetic
2025-11-08 01:49:29+00:00,drone,Riyadh Region,Riyadh,24.817153,46.6757,synthetic
2025-11-01 14:48:42+00:00,drone,Eastern Region,Eastern Region,26.406288,50.121604,synthetic
2026-04-29 12:53:04+00:00,drone,Yanbu Petroleum Facility,Yanbu,24.113986,38.075382,synthetic
2025-09-06 19:39:33+00:00,drone,Eastern Region,Eastern Region,26.417847,50.06559,synthetic
2026-04-01 04:14:24+00:00,mixed,Ras Tanura Oil Refinery,Eastern Region,26.625148,50.14347,synthetic
2025-06-22 12:27:11+00:00,drone,Empty Quarter – Shaybah Field,Eastern Region,26.474397,50.095043,synthetic
2026-03-19 16:47:20+00:00,drone,Area-A,Riyadh,24.676672,46.707666,synthetic
2026-04-21 19:09:17+00:00,mixed,Yanbu Industrial City,Yanbu,24.076265,38.189512,synthetic
2026-04-22 02:49:35+00:00,drone,Riyadh City – US Embassy,Riyadh,24.670052,46.653704,synthetic
2025-07-05 10:24:23+00:00,drone,Gas facility – Eastern Region,Eastern Region,26.463734,50.117022,synthetic
2026-05-13 22:31:41+00:00,drone,East of Al-Jouf Region,Al-Jouf,30.050826,40.169994,synthetic
2026-05-13 20:03:51+00:00,drone,Eastern Region,Eastern Region,26.424629,50.14331,synthetic
2025-07-21 17:33:18+00:00,drone,Empty Quarter – Shaybah Field,Eastern Region,26.369826,50.087486,synthetic
2026-03-18 16:20:40+00:00,drone,Empty Quarter – Shaybah Field,Eastern Region,26.44346,50.039498,synthetic
2025-08-19 20:53:26+00:00,mixed,Eastern Region,Eastern Region,26.470833,50.120545,synthetic
2026-04-15 08:21:42+00:00,mixed,Riyadh,Riyadh,24.690289,46.677135,synthetic
2026-01-14 07:25:35+00:00,mixed,Riyadh,Riyadh,24.615937,46.741484,synthetic
2025-07-06 17:40:37+00:00,drone,Eastern Region,Eastern Region,26.336567,50.140633,synthetic
2025-08-15 10:55:36+00:00,drone,Eastern Region,Eastern Region,26.421183,50.16615,synthetic
2026-01-19 08:16:40+00:00,mixed,Prince Sultan Air Base,Al-Kharj,24.093194,47.607928,synthetic
2026-03-20 22:04:32+00:00,drone,Eastern Region,Eastern Region,26.492727,50.11728,synthetic
2026-05-20 03:04:51+00:00,drone,Riyadh,Riyadh,24.717393,46.758384,synthetic
2025-05-31 01:02:34+00:00,mixed,Yanbu,Yanbu,24.146678,38.082792,synthetic
2026-03-17 06:54:17+00:00,mixed,Prince Sultan Air Base,Al-Kharj,23.940807,47.665741,synthetic
2025-12-14 22:14:39+00:00,drone,Yanbu Industrial City,Yanbu,24.057399,38.134819,synthetic
2025-12-24 00:14:32+00:00,drone,Yanbu Refinery,Yanbu,24.115213,38.111448,synthetic
2026-04-25 18:34:05+00:00,drone,Riyadh Region,Riyadh,24.677489,46.612692,synthetic
2026-03-02 15:01:00+00:00,drone,Prince Sultan Air Base,Al-Kharj,23.928712,47.61992,synthetic
2026-04-11 22:28:23+00:00,mixed,Al-Kharj,Al-Kharj,24.023779,47.247965,synthetic
2026-03-01 02:02:49+00:00,drone,Al-Kharj,Al-Kharj,24.134164,47.30348,synthetic
2025-09-10 01:31:27+00:00,mixed,East of Kharj Governorate,Al-Kharj,24.2145,47.364963,synthetic
2026-05-16 10:42:36+00:00,drone,Riyadh,Riyadh,24.790297,46.697269,synthetic
2026-05-10 11:31:58+00:00,drone,Eastern Region,Eastern Region,26.428284,50.212937,synthetic
2025-07-07 08:49:05+00:00,mixed,Prince Sultan Air Base,Al-Kharj,24.06704,47.544226,synthetic
2026-04-26 21:59:18+00:00,drone,Prince Sultan Air Base,Al-Kharj,24.045977,47.592631,synthetic
2025-07-12 18:53:51+00:00,mixed,Eastern Region,Eastern Region,26.469904,50.212654,synthetic
2026-04-11 03:47:17+00:00,drone,Eastern Region,Eastern Region,26.419373,50.092461,synthetic
2026-04-11 00:16:54+00:00,mixed,Kharj Governorate,Al-Kharj,24.261558,47.374262,synthetic
2026-03-23 22:27:33+00:00,drone,East of Al-Jouf Region,Al-Jouf,29.94017,40.261629,synthetic
2025-07-23 07:42:13+00:00,drone,Eastern Region,Eastern Region,26.494546,50.088368,synthetic
2026-01-16 11:53:23+00:00,mixed,Eastern Region,Eastern Region,26.436943,50.203614,synthetic
2026-04-06 06:36:34+00:00,drone,Riyadh Region,Riyadh,24.790019,46.754859,synthetic
2026-03-21 04:59:03+00:00,drone,Eastern Region,Eastern Region,26.493289,50.124544,synthetic
2025-06-16 08:09:27+00:00,mixed,Area-A,Riyadh,24.719395,46.776946,synthetic
2026-04-24 03:37:50+00:00,drone,Area-A,Riyadh,24.641779,46.727388,synthetic
2025-12-03 09:36:24+00:00,mixed,Riyadh,Riyadh,24.832923,46.623623,synthetic
2026-04-11 18:19:40+00:00,drone,Hafr Al-Batin,Hafr Al-Batin,28.390625,45.92146,synthetic
2026-04-01 19:19:35+00:00,mixed,Prince Sultan Air Base,Al-Kharj,24.007824,47.557632,synthetic
2025-12-03 18:48:47+00:00,mixed,Yanbu,Yanbu,24.224052,38.115035,synthetic
2025-11-11 17:41:02+00:00,mixed,East of Kharj Governorate,Al-Kharj,24.289826,47.326451,synthetic
2025-09-17 21:38:10+00:00,mixed,Area-A,Riyadh,24.708078,46.607646,synthetic
2025-08-12 15:59:00+00:00,drone,Eastern Region,Eastern Region,26.350505,50.178363,synthetic
2026-03-03 16:54:19+00:00,drone,Prince Sultan Air Base,Al-Kharj,24.077484,47.516225,synthetic
2026-03-29 15:59:00+00:00,drone,Gas facility – Eastern Region,Eastern Region,26.387551,50.055988,synthetic
2025-12-06 01:10:54+00:00,mixed,East of Kharj City,Al-Kharj,24.085859,47.362686,synthetic
2025-10-16 14:35:14+00:00,mixed,Riyadh City – US Embassy,Riyadh,24.725051,46.705878,synthetic
2025-08-15 16:32:37+00:00,drone,Eastern Region,Eastern Region,26.48055,50.143296,synthetic
2025-09-04 00:55:46+00:00,drone,Eastern Region,Eastern Region,26.352403,50.152318,synthetic
2025-10-12 19:17:53+00:00,drone,Eastern Region,Eastern Region,26.434679,50.136564,synthetic
2025-10-12 10:58:00+00:00,drone,Eastern Region,Eastern Region,26.511529,50.131856,synthetic
2026-05-17 16:11:44+00:00,mixed,Prince Sultan Air Base,Al-Kharj,24.08818,47.504581,synthetic
2026-03-02 17:42:33+00:00,drone,Eastern Region,Eastern Region,26.387795,50.194292,synthetic
2026-04-11 23:12:56+00:00,mixed,Riyadh,Riyadh,24.744186,46.719262,synthetic
2026-03-23 02:55:53+00:00,drone,Eastern Region,Eastern Region,26.440369,50.239099,synthetic
2026-03-16 03:34:34+00:00,drone,Empty Quarter – Shaybah Field,Eastern Region,26.356989,50.154355,synthetic
2026-03-29 17:28:49+00:00,drone,Eastern Region,Eastern Region,26.454378,50.093355,synthetic
2026-03-26 19:26:22+00:00,drone,Riyadh Region,Riyadh,24.79456,46.700021,synthetic
2025-10-31 13:13:20+00:00,drone,Gas facility – Eastern Region,Eastern Region,26.374339,50.013582,synthetic
2026-01-10 04:20:18+00:00,drone,Eastern Region,Eastern Region,26.46384,50.130649,synthetic
2026-04-29 08:52:48+00:00,drone,Eastern Region,Eastern Region,26.564421,50.122543,synthetic
2025-10-11 23:23:08+00:00,drone,Riyadh City,Riyadh,24.698694,46.696974,synthetic
2026-03-04 16:09:12+00:00,mixed,Prince Sultan Air Base,Al-Kharj,24.018795,47.528524,synthetic
2026-04-06 20:49:36+00:00,drone,Eastern Region,Eastern Region,26.489343,50.171158,synthetic
2025-06-21 12:45:03+00:00,mixed,Eastern Region,Eastern Region,26.474171,50.130431,synthetic
2025-12-17 19:01:14+00:00,drone,Eastern Region,Eastern Region,26.420826,50.09386,synthetic
